employerId,Weekday,Num_of_Employees,location,buildingId
379,Friday,1,POINT (-1849.997168394888 1744.6010147106394),823
379,Monday,1,POINT (-1849.997168394888 1744.6010147106394),823
379,Thursday,1,POINT (-1849.997168394888 1744.6010147106394),823
379,Tuesday,1,POINT (-1849.997168394888 1744.6010147106394),823
379,Wednesday,1,POINT (-1849.997168394888 1744.6010147106394),823
381,Friday,3,POINT (877.2786575380362 1358.5441805909259),279
381,Monday,4,POINT (877.2786575380362 1358.5441805909259),279
381,Saturday,1,POINT (877.2786575380362 1358.5441805909259),279
381,Sunday,1,POINT (877.2786575380362 1358.5441805909259),279
381,Thursday,4,POINT (877.2786575380362 1358.5441805909259),279
381,Tuesday,4,POINT (877.2786575380362 1358.5441805909259),279
381,Wednesday,3,POINT (877.2786575380362 1358.5441805909259),279
382,Friday,5,POINT (670.3987400004884 1584.4743462106067),3
382,Monday,4,POINT (670.3987400004884 1584.4743462106067),3
382,Thursday,6,POINT (670.3987400004884 1584.4743462106067),3
382,Tuesday,5,POINT (670.3987400004884 1584.4743462106067),3
382,Wednesday,4,POINT (670.3987400004884 1584.4743462106067),3
383,Friday,6,POINT (829.9556783260775 2163.4803049897623),146
383,Monday,6,POINT (829.9556783260775 2163.4803049897623),146
383,Thursday,6,POINT (829.9556783260775 2163.4803049897623),146
383,Tuesday,6,POINT (829.9556783260775 2163.4803049897623),146
383,Wednesday,6,POINT (829.9556783260775 2163.4803049897623),146
384,Friday,3,POINT (880.1644882398598 4339.7016557216575),527
384,Monday,3,POINT (880.1644882398598 4339.7016557216575),527
384,Saturday,1,POINT (880.1644882398598 4339.7016557216575),527
384,Sunday,1,POINT (880.1644882398598 4339.7016557216575),527
384,Thursday,2,POINT (880.1644882398598 4339.7016557216575),527
384,Tuesday,2,POINT (880.1644882398598 4339.7016557216575),527
384,Wednesday,3,POINT (880.1644882398598 4339.7016557216575),527
385,Friday,5,POINT (231.13884534051988 1095.6471792268785),782
385,Monday,5,POINT (231.13884534051988 1095.6471792268785),782
385,Thursday,5,POINT (231.13884534051988 1095.6471792268785),782
385,Tuesday,5,POINT (231.13884534051988 1095.6471792268785),782
385,Wednesday,5,POINT (231.13884534051988 1095.6471792268785),782
386,Friday,5,POINT (-1349.8842287593952 1610.4623628717086),596
386,Monday,5,POINT (-1349.8842287593952 1610.4623628717086),596
386,Thursday,5,POINT (-1349.8842287593952 1610.4623628717086),596
386,Tuesday,5,POINT (-1349.8842287593952 1610.4623628717086),596
386,Wednesday,5,POINT (-1349.8842287593952 1610.4623628717086),596
387,Friday,2,POINT (864.9382009582821 1556.3972795892669),880
387,Monday,2,POINT (864.9382009582821 1556.3972795892669),880
387,Thursday,2,POINT (864.9382009582821 1556.3972795892669),880
387,Tuesday,2,POINT (864.9382009582821 1556.3972795892669),880
387,Wednesday,2,POINT (864.9382009582821 1556.3972795892669),880
388,Friday,5,POINT (611.8427226577171 2550.7250184246723),986
388,Monday,5,POINT (611.8427226577171 2550.7250184246723),986
388,Saturday,1,POINT (611.8427226577171 2550.7250184246723),986
388,Thursday,6,POINT (611.8427226577171 2550.7250184246723),986
388,Tuesday,5,POINT (611.8427226577171 2550.7250184246723),986
388,Wednesday,4,POINT (611.8427226577171 2550.7250184246723),986
389,Friday,4,POINT (1749.107722959826 4023.6598528872755),1020
389,Monday,3,POINT (1749.107722959826 4023.6598528872755),1020
389,Thursday,4,POINT (1749.107722959826 4023.6598528872755),1020
389,Tuesday,3,POINT (1749.107722959826 4023.6598528872755),1020
389,Wednesday,3,POINT (1749.107722959826 4023.6598528872755),1020
390,Friday,3,POINT (994.4462620941047 3762.3654281251634),347
390,Monday,3,POINT (994.4462620941047 3762.3654281251634),347
390,Saturday,1,POINT (994.4462620941047 3762.3654281251634),347
390,Thursday,3,POINT (994.4462620941047 3762.3654281251634),347
390,Tuesday,3,POINT (994.4462620941047 3762.3654281251634),347
390,Wednesday,2,POINT (994.4462620941047 3762.3654281251634),347
391,Friday,2,POINT (609.8156412485578 787.4692664792319),632
391,Monday,2,POINT (609.8156412485578 787.4692664792319),632
391,Thursday,2,POINT (609.8156412485578 787.4692664792319),632
391,Tuesday,2,POINT (609.8156412485578 787.4692664792319),632
391,Wednesday,2,POINT (609.8156412485578 787.4692664792319),632
392,Friday,3,POINT (-885.2966139548657 1555.9764946386085),315
392,Monday,2,POINT (-885.2966139548657 1555.9764946386085),315
392,Sunday,1,POINT (-885.2966139548657 1555.9764946386085),315
392,Thursday,3,POINT (-885.2966139548657 1555.9764946386085),315
392,Tuesday,3,POINT (-885.2966139548657 1555.9764946386085),315
392,Wednesday,3,POINT (-885.2966139548657 1555.9764946386085),315
393,Friday,4,POINT (903.9691099852218 4220.741537877808),592
393,Monday,4,POINT (903.9691099852218 4220.741537877808),592
393,Thursday,4,POINT (903.9691099852218 4220.741537877808),592
393,Tuesday,4,POINT (903.9691099852218 4220.741537877808),592
393,Wednesday,4,POINT (903.9691099852218 4220.741537877808),592
394,Friday,1,POINT (865.149408963124 982.7393731902811),893
394,Monday,1,POINT (865.149408963124 982.7393731902811),893
394,Thursday,2,POINT (865.149408963124 982.7393731902811),893
394,Tuesday,1,POINT (865.149408963124 982.7393731902811),893
394,Wednesday,1,POINT (865.149408963124 982.7393731902811),893
395,Friday,2,POINT (286.586327845334 1725.5999247626096),230
395,Monday,3,POINT (286.586327845334 1725.5999247626096),230
395,Saturday,1,POINT (286.586327845334 1725.5999247626096),230
395,Thursday,3,POINT (286.586327845334 1725.5999247626096),230
395,Tuesday,3,POINT (286.586327845334 1725.5999247626096),230
395,Wednesday,3,POINT (286.586327845334 1725.5999247626096),230
396,Friday,7,POINT (868.902110395577 4390.34074468453),590
396,Monday,7,POINT (868.902110395577 4390.34074468453),590
396,Thursday,7,POINT (868.902110395577 4390.34074468453),590
396,Tuesday,7,POINT (868.902110395577 4390.34074468453),590
396,Wednesday,7,POINT (868.902110395577 4390.34074468453),590
397,Friday,7,POINT (1499.3204774627252 4304.553083816536),351
397,Monday,5,POINT (1499.3204774627252 4304.553083816536),351
397,Saturday,1,POINT (1499.3204774627252 4304.553083816536),351
397,Sunday,1,POINT (1499.3204774627252 4304.553083816536),351
397,Thursday,7,POINT (1499.3204774627252 4304.553083816536),351
397,Tuesday,6,POINT (1499.3204774627252 4304.553083816536),351
397,Wednesday,7,POINT (1499.3204774627252 4304.553083816536),351
398,Friday,4,POINT (754.0987512384932 1394.0500627767071),692
398,Monday,4,POINT (754.0987512384932 1394.0500627767071),692
398,Thursday,4,POINT (754.0987512384932 1394.0500627767071),692
398,Tuesday,4,POINT (754.0987512384932 1394.0500627767071),692
398,Wednesday,4,POINT (754.0987512384932 1394.0500627767071),692
399,Friday,5,POINT (1626.36173317109 4226.189405838731),180
399,Monday,5,POINT (1626.36173317109 4226.189405838731),180
399,Saturday,1,POINT (1626.36173317109 4226.189405838731),180
399,Thursday,4,POINT (1626.36173317109 4226.189405838731),180
399,Tuesday,5,POINT (1626.36173317109 4226.189405838731),180
399,Wednesday,5,POINT (1626.36173317109 4226.189405838731),180
400,Friday,1,POINT (753.1769059100845 1739.395851679909),227
400,Monday,2,POINT (753.1769059100845 1739.395851679909),227
400,Sunday,1,POINT (753.1769059100845 1739.395851679909),227
400,Thursday,2,POINT (753.1769059100845 1739.395851679909),227
400,Tuesday,2,POINT (753.1769059100845 1739.395851679909),227
400,Wednesday,2,POINT (753.1769059100845 1739.395851679909),227
401,Friday,4,POINT (-1674.8630003427375 1638.1520588255166),623
401,Monday,5,POINT (-1674.8630003427375 1638.1520588255166),623
401,Saturday,1,POINT (-1674.8630003427375 1638.1520588255166),623
401,Sunday,2,POINT (-1674.8630003427375 1638.1520588255166),623
401,Thursday,5,POINT (-1674.8630003427375 1638.1520588255166),623
401,Tuesday,4,POINT (-1674.8630003427375 1638.1520588255166),623
401,Wednesday,5,POINT (-1674.8630003427375 1638.1520588255166),623
402,Friday,4,POINT (1004.1152674725888 4462.540163068401),717
402,Monday,4,POINT (1004.1152674725888 4462.540163068401),717
402,Thursday,4,POINT (1004.1152674725888 4462.540163068401),717
402,Tuesday,4,POINT (1004.1152674725888 4462.540163068401),717
402,Wednesday,4,POINT (1004.1152674725888 4462.540163068401),717
403,Friday,6,POINT (2026.3999572104358 4142.402774048681),1023
403,Monday,6,POINT (2026.3999572104358 4142.402774048681),1023
403,Thursday,6,POINT (2026.3999572104358 4142.402774048681),1023
403,Tuesday,6,POINT (2026.3999572104358 4142.402774048681),1023
403,Wednesday,6,POINT (2026.3999572104358 4142.402774048681),1023
404,Friday,2,POINT (2630 4050),103
404,Monday,1,POINT (2630 4050),103
404,Thursday,2,POINT (2630 4050),103
404,Tuesday,2,POINT (2630 4050),103
404,Wednesday,2,POINT (2630 4050),103
405,Friday,5,POINT (1535.4111740520664 4021.741043075247),982
405,Monday,5,POINT (1535.4111740520664 4021.741043075247),982
405,Thursday,5,POINT (1535.4111740520664 4021.741043075247),982
405,Tuesday,5,POINT (1535.4111740520664 4021.741043075247),982
405,Wednesday,5,POINT (1535.4111740520664 4021.741043075247),982
406,Friday,6,POINT (973.2374190327052 3805.640410966102),347
406,Monday,6,POINT (973.2374190327052 3805.640410966102),347
406,Sunday,1,POINT (973.2374190327052 3805.640410966102),347
406,Thursday,5,POINT (973.2374190327052 3805.640410966102),347
406,Tuesday,6,POINT (973.2374190327052 3805.640410966102),347
406,Wednesday,6,POINT (973.2374190327052 3805.640410966102),347
407,Friday,4,POINT (1105.2630658126443 3730.801103253373),1033
407,Monday,4,POINT (1105.2630658126443 3730.801103253373),1033
407,Saturday,1,POINT (1105.2630658126443 3730.801103253373),1033
407,Thursday,4,POINT (1105.2630658126443 3730.801103253373),1033
407,Tuesday,4,POINT (1105.2630658126443 3730.801103253373),1033
407,Wednesday,5,POINT (1105.2630658126443 3730.801103253373),1033
408,Friday,6,POINT (412.9860808984934 1033.1806025214216),516
408,Monday,6,POINT (412.9860808984934 1033.1806025214216),516
408,Thursday,6,POINT (412.9860808984934 1033.1806025214216),516
408,Tuesday,6,POINT (412.9860808984934 1033.1806025214216),516
408,Wednesday,6,POINT (412.9860808984934 1033.1806025214216),516
409,Friday,3,POINT (1207.490101417887 4007.885706041321),225
409,Monday,1,POINT (1207.490101417887 4007.885706041321),225
409,Thursday,3,POINT (1207.490101417887 4007.885706041321),225
409,Tuesday,1,POINT (1207.490101417887 4007.885706041321),225
409,Wednesday,1,POINT (1207.490101417887 4007.885706041321),225
410,Friday,4,POINT (1376.3976505541523 4822.779542501879),1024
410,Monday,4,POINT (1376.3976505541523 4822.779542501879),1024
410,Saturday,1,POINT (1376.3976505541523 4822.779542501879),1024
410,Thursday,4,POINT (1376.3976505541523 4822.779542501879),1024
410,Tuesday,4,POINT (1376.3976505541523 4822.779542501879),1024
410,Wednesday,3,POINT (1376.3976505541523 4822.779542501879),1024
411,Friday,2,POINT (916.9315425022253 4292.958506850986),527
411,Monday,2,POINT (916.9315425022253 4292.958506850986),527
411,Thursday,2,POINT (916.9315425022253 4292.958506850986),527
411,Tuesday,3,POINT (916.9315425022253 4292.958506850986),527
411,Wednesday,3,POINT (916.9315425022253 4292.958506850986),527
412,Friday,2,POINT (496.2476568904982 1686.1524496266945),1009
412,Monday,1,POINT (496.2476568904982 1686.1524496266945),1009
412,Saturday,1,POINT (496.2476568904982 1686.1524496266945),1009
412,Sunday,1,POINT (496.2476568904982 1686.1524496266945),1009
412,Thursday,2,POINT (496.2476568904982 1686.1524496266945),1009
412,Tuesday,2,POINT (496.2476568904982 1686.1524496266945),1009
412,Wednesday,2,POINT (496.2476568904982 1686.1524496266945),1009
413,Friday,6,POINT (917.1190165763343 2102.895037900609),354
413,Monday,5,POINT (917.1190165763343 2102.895037900609),354
413,Thursday,6,POINT (917.1190165763343 2102.895037900609),354
413,Tuesday,5,POINT (917.1190165763343 2102.895037900609),354
413,Wednesday,5,POINT (917.1190165763343 2102.895037900609),354
414,Friday,6,POINT (-82.06554016401982 1511.1129553803012),983
414,Monday,5,POINT (-82.06554016401982 1511.1129553803012),983
414,Thursday,6,POINT (-82.06554016401982 1511.1129553803012),983
414,Tuesday,6,POINT (-82.06554016401982 1511.1129553803012),983
414,Wednesday,6,POINT (-82.06554016401982 1511.1129553803012),983
415,Friday,5,POINT (1496.4456131589884 4021.741043075247),982
415,Monday,4,POINT (1496.4456131589884 4021.741043075247),982
415,Saturday,1,POINT (1496.4456131589884 4021.741043075247),982
415,Sunday,1,POINT (1496.4456131589884 4021.741043075247),982
415,Thursday,5,POINT (1496.4456131589884 4021.741043075247),982
415,Tuesday,5,POINT (1496.4456131589884 4021.741043075247),982
415,Wednesday,4,POINT (1496.4456131589884 4021.741043075247),982
416,Friday,5,POINT (507.31810222892034 1381.6774426214972),493
416,Monday,4,POINT (507.31810222892034 1381.6774426214972),493
416,Thursday,6,POINT (507.31810222892034 1381.6774426214972),493
416,Tuesday,5,POINT (507.31810222892034 1381.6774426214972),493
416,Wednesday,5,POINT (507.31810222892034 1381.6774426214972),493
417,Friday,3,POINT (-903.1271422325927 1570.7679946298354),315
417,Monday,3,POINT (-903.1271422325927 1570.7679946298354),315
417,Thursday,3,POINT (-903.1271422325927 1570.7679946298354),315
417,Tuesday,3,POINT (-903.1271422325927 1570.7679946298354),315
417,Wednesday,3,POINT (-903.1271422325927 1570.7679946298354),315
418,Friday,4,POINT (789.621374888836 1269.8729153421614),472
418,Monday,4,POINT (789.621374888836 1269.8729153421614),472
418,Saturday,1,POINT (789.621374888836 1269.8729153421614),472
418,Thursday,4,POINT (789.621374888836 1269.8729153421614),472
418,Tuesday,3,POINT (789.621374888836 1269.8729153421614),472
418,Wednesday,4,POINT (789.621374888836 1269.8729153421614),472
419,Friday,2,POINT (660.2070252315734 3532.331326221758),511
419,Monday,2,POINT (660.2070252315734 3532.331326221758),511
419,Thursday,2,POINT (660.2070252315734 3532.331326221758),511
419,Tuesday,2,POINT (660.2070252315734 3532.331326221758),511
419,Wednesday,2,POINT (660.2070252315734 3532.331326221758),511
420,Friday,4,POINT (1677.4145716575592 4234.689307976414),795
420,Monday,1,POINT (1677.4145716575592 4234.689307976414),795
420,Thursday,4,POINT (1677.4145716575592 4234.689307976414),795
420,Tuesday,3,POINT (1677.4145716575592 4234.689307976414),795
420,Wednesday,3,POINT (1677.4145716575592 4234.689307976414),795
421,Friday,5,POINT (813.0476801480482 4199.837241599387),479
421,Monday,5,POINT (813.0476801480482 4199.837241599387),479
421,Thursday,5,POINT (813.0476801480482 4199.837241599387),479
421,Tuesday,5,POINT (813.0476801480482 4199.837241599387),479
421,Wednesday,5,POINT (813.0476801480482 4199.837241599387),479
422,Friday,4,POINT (1273.4344092361837 1252.930095226732),317
422,Monday,3,POINT (1273.4344092361837 1252.930095226732),317
422,Saturday,1,POINT (1273.4344092361837 1252.930095226732),317
422,Sunday,1,POINT (1273.4344092361837 1252.930095226732),317
422,Thursday,4,POINT (1273.4344092361837 1252.930095226732),317
422,Tuesday,4,POINT (1273.4344092361837 1252.930095226732),317
422,Wednesday,3,POINT (1273.4344092361837 1252.930095226732),317
423,Friday,5,POINT (650.4125958509642 1744.50624697462),304
423,Monday,4,POINT (650.4125958509642 1744.50624697462),304
423,Saturday,2,POINT (650.4125958509642 1744.50624697462),304
423,Sunday,1,POINT (650.4125958509642 1744.50624697462),304
423,Thursday,5,POINT (650.4125958509642 1744.50624697462),304
423,Tuesday,3,POINT (650.4125958509642 1744.50624697462),304
423,Wednesday,5,POINT (650.4125958509642 1744.50624697462),304
424,Friday,5,POINT (39.59877121487088 1259.7742218297456),936
424,Monday,5,POINT (39.59877121487088 1259.7742218297456),936
424,Thursday,5,POINT (39.59877121487088 1259.7742218297456),936
424,Tuesday,5,POINT (39.59877121487088 1259.7742218297456),936
424,Wednesday,5,POINT (39.59877121487088 1259.7742218297456),936
425,Friday,5,POINT (-328.8906021165615 1795.1079117198856),946
425,Monday,4,POINT (-328.8906021165615 1795.1079117198856),946
425,Thursday,4,POINT (-328.8906021165615 1795.1079117198856),946
425,Tuesday,4,POINT (-328.8906021165615 1795.1079117198856),946
425,Wednesday,4,POINT (-328.8906021165615 1795.1079117198856),946
426,Friday,4,POINT (-904.2325319573049 1335.9506479412894),256
426,Monday,3,POINT (-904.2325319573049 1335.9506479412894),256
426,Saturday,1,POINT (-904.2325319573049 1335.9506479412894),256
426,Sunday,1,POINT (-904.2325319573049 1335.9506479412894),256
426,Thursday,3,POINT (-904.2325319573049 1335.9506479412894),256
426,Tuesday,4,POINT (-904.2325319573049 1335.9506479412894),256
426,Wednesday,4,POINT (-904.2325319573049 1335.9506479412894),256
427,Friday,5,POINT (-885.2966139548657 1555.9764946386085),315
427,Monday,4,POINT (-885.2966139548657 1555.9764946386085),315
427,Saturday,1,POINT (-885.2966139548657 1555.9764946386085),315
427,Sunday,1,POINT (-885.2966139548657 1555.9764946386085),315
427,Thursday,5,POINT (-885.2966139548657 1555.9764946386085),315
427,Tuesday,5,POINT (-885.2966139548657 1555.9764946386085),315
427,Wednesday,4,POINT (-885.2966139548657 1555.9764946386085),315
428,Friday,4,POINT (1174.5599898893972 3684.5515693344405),323
428,Monday,3,POINT (1174.5599898893972 3684.5515693344405),323
428,Thursday,4,POINT (1174.5599898893972 3684.5515693344405),323
428,Tuesday,4,POINT (1174.5599898893972 3684.5515693344405),323
428,Wednesday,4,POINT (1174.5599898893972 3684.5515693344405),323
429,Friday,5,POINT (715.9086691087551 4418.132191398763),964
429,Monday,5,POINT (715.9086691087551 4418.132191398763),964
429,Thursday,5,POINT (715.9086691087551 4418.132191398763),964
429,Tuesday,6,POINT (715.9086691087551 4418.132191398763),964
429,Wednesday,6,POINT (715.9086691087551 4418.132191398763),964
430,Friday,1,POINT (707.1111664944394 2001.4772026036535),304
430,Monday,1,POINT (707.1111664944394 2001.4772026036535),304
430,Thursday,1,POINT (707.1111664944394 2001.4772026036535),304
430,Tuesday,2,POINT (707.1111664944394 2001.4772026036535),304
430,Wednesday,1,POINT (707.1111664944394 2001.4772026036535),304
431,Friday,1,POINT (-294.35496310306917 1795.1079117198856),946
431,Monday,1,POINT (-294.35496310306917 1795.1079117198856),946
431,Saturday,1,POINT (-294.35496310306917 1795.1079117198856),946
431,Sunday,1,POINT (-294.35496310306917 1795.1079117198856),946
431,Thursday,1,POINT (-294.35496310306917 1795.1079117198856),946
431,Wednesday,1,POINT (-294.35496310306917 1795.1079117198856),946
432,Friday,4,POINT (991.3270590871906 4100.917174659022),142
432,Monday,3,POINT (991.3270590871906 4100.917174659022),142
432,Sunday,1,POINT (991.3270590871906 4100.917174659022),142
432,Thursday,4,POINT (991.3270590871906 4100.917174659022),142
432,Tuesday,4,POINT (991.3270590871906 4100.917174659022),142
432,Wednesday,4,POINT (991.3270590871906 4100.917174659022),142
433,Friday,2,POINT (318.94970745415804 1033.1806025214216),516
433,Monday,1,POINT (318.94970745415804 1033.1806025214216),516
433,Thursday,2,POINT (318.94970745415804 1033.1806025214216),516
433,Tuesday,1,POINT (318.94970745415804 1033.1806025214216),516
433,Wednesday,1,POINT (318.94970745415804 1033.1806025214216),516
434,Friday,4,POINT (800.6342599068146 4103.165163999878),150
434,Monday,5,POINT (800.6342599068146 4103.165163999878),150
434,Saturday,1,POINT (800.6342599068146 4103.165163999878),150
434,Sunday,2,POINT (800.6342599068146 4103.165163999878),150
434,Thursday,5,POINT (800.6342599068146 4103.165163999878),150
434,Tuesday,6,POINT (800.6342599068146 4103.165163999878),150
434,Wednesday,7,POINT (800.6342599068146 4103.165163999878),150
435,Friday,5,POINT (1122.7448164206246 4383.066969959758),34
435,Monday,5,POINT (1122.7448164206246 4383.066969959758),34
435,Sunday,1,POINT (1122.7448164206246 4383.066969959758),34
435,Thursday,5,POINT (1122.7448164206246 4383.066969959758),34
435,Tuesday,5,POINT (1122.7448164206246 4383.066969959758),34
435,Wednesday,4,POINT (1122.7448164206246 4383.066969959758),34
436,Friday,3,POINT (1376.3976505541523 4861.346259046002),1024
436,Monday,2,POINT (1376.3976505541523 4861.346259046002),1024
436,Saturday,1,POINT (1376.3976505541523 4861.346259046002),1024
436,Thursday,3,POINT (1376.3976505541523 4861.346259046002),1024
436,Tuesday,3,POINT (1376.3976505541523 4861.346259046002),1024
436,Wednesday,3,POINT (1376.3976505541523 4861.346259046002),1024
437,Friday,6,POINT (660.2070252315734 3610.994566867167),511
437,Monday,7,POINT (660.2070252315734 3610.994566867167),511
437,Saturday,2,POINT (660.2070252315734 3610.994566867167),511
437,Sunday,2,POINT (660.2070252315734 3610.994566867167),511
437,Thursday,6,POINT (660.2070252315734 3610.994566867167),511
437,Tuesday,6,POINT (660.2070252315734 3610.994566867167),511
437,Wednesday,6,POINT (660.2070252315734 3610.994566867167),511
438,Friday,15,POINT (2130.281249848629 4828.020411811667),972
438,Monday,5,POINT (2130.281249848629 4828.020411811667),972
438,Thursday,15,POINT (2130.281249848629 4828.020411811667),972
438,Tuesday,6,POINT (2130.281249848629 4828.020411811667),972
438,Wednesday,6,POINT (2130.281249848629 4828.020411811667),972
439,Friday,7,POINT (585.2216880077107 3622.7180435904966),395
439,Monday,5,POINT (585.2216880077107 3622.7180435904966),395
439,Saturday,1,POINT (585.2216880077107 3622.7180435904966),395
439,Sunday,1,POINT (585.2216880077107 3622.7180435904966),395
439,Thursday,7,POINT (585.2216880077107 3622.7180435904966),395
439,Tuesday,5,POINT (585.2216880077107 3622.7180435904966),395
439,Wednesday,6,POINT (585.2216880077107 3622.7180435904966),395
440,Friday,5,POINT (448.79913987469365 4328.78174286464),644
440,Monday,5,POINT (448.79913987469365 4328.78174286464),644
440,Thursday,5,POINT (448.79913987469365 4328.78174286464),644
440,Tuesday,5,POINT (448.79913987469365 4328.78174286464),644
440,Wednesday,5,POINT (448.79913987469365 4328.78174286464),644
441,Friday,5,POINT (-81.95690431663532 1423.077479497391),241
441,Monday,4,POINT (-81.95690431663532 1423.077479497391),241
441,Saturday,1,POINT (-81.95690431663532 1423.077479497391),241
441,Sunday,1,POINT (-81.95690431663532 1423.077479497391),241
441,Thursday,4,POINT (-81.95690431663532 1423.077479497391),241
441,Tuesday,5,POINT (-81.95690431663532 1423.077479497391),241
441,Wednesday,5,POINT (-81.95690431663532 1423.077479497391),241
829,Friday,1,POINT (-1683.9788287469512 4166.34595719268),411
829,Monday,1,POINT (-1683.9788287469512 4166.34595719268),411
829,Thursday,1,POINT (-1683.9788287469512 4166.34595719268),411
829,Tuesday,2,POINT (-1683.9788287469512 4166.34595719268),411
829,Wednesday,2,POINT (-1683.9788287469512 4166.34595719268),411
830,Friday,4,POINT (-804.6120047431612 5042.0163759841835),421
830,Monday,4,POINT (-804.6120047431612 5042.0163759841835),421
830,Thursday,4,POINT (-804.6120047431612 5042.0163759841835),421
830,Tuesday,4,POINT (-804.6120047431612 5042.0163759841835),421
830,Wednesday,4,POINT (-804.6120047431612 5042.0163759841835),421
831,Friday,4,POINT (-2200.279972988196 3572.4693137151007),32
831,Monday,3,POINT (-2200.279972988196 3572.4693137151007),32
831,Sunday,1,POINT (-2200.279972988196 3572.4693137151007),32
831,Thursday,4,POINT (-2200.279972988196 3572.4693137151007),32
831,Tuesday,3,POINT (-2200.279972988196 3572.4693137151007),32
831,Wednesday,2,POINT (-2200.279972988196 3572.4693137151007),32
832,Friday,1,POINT (-831.9562922398395 4676.4089408349555),549
833,Friday,3,POINT (-1967.8258905516104 4299.950272203162),93
833,Monday,3,POINT (-1967.8258905516104 4299.950272203162),93
833,Thursday,3,POINT (-1967.8258905516104 4299.950272203162),93
833,Tuesday,3,POINT (-1967.8258905516104 4299.950272203162),93
833,Wednesday,3,POINT (-1967.8258905516104 4299.950272203162),93
834,Friday,2,POINT (-2380.139484985013 2944.7204566724226),869
834,Monday,2,POINT (-2380.139484985013 2944.7204566724226),869
834,Thursday,2,POINT (-2380.139484985013 2944.7204566724226),869
834,Tuesday,2,POINT (-2380.139484985013 2944.7204566724226),869
834,Wednesday,2,POINT (-2380.139484985013 2944.7204566724226),869
835,Friday,1,POINT (-2101.689510602101 4262.490673412702),619
835,Thursday,1,POINT (-2101.689510602101 4262.490673412702),619
836,Friday,2,POINT (-692.9825370378298 4950.223259408762),694
836,Monday,2,POINT (-692.9825370378298 4950.223259408762),694
836,Thursday,3,POINT (-692.9825370378298 4950.223259408762),694
836,Tuesday,2,POINT (-692.9825370378298 4950.223259408762),694
836,Wednesday,2,POINT (-692.9825370378298 4950.223259408762),694
837,Friday,5,POINT (-2236.8263209885145 5274.27538066303),17
837,Monday,5,POINT (-2236.8263209885145 5274.27538066303),17
837,Saturday,2,POINT (-2236.8263209885145 5274.27538066303),17
837,Sunday,1,POINT (-2236.8263209885145 5274.27538066303),17
837,Thursday,7,POINT (-2236.8263209885145 5274.27538066303),17
837,Tuesday,6,POINT (-2236.8263209885145 5274.27538066303),17
837,Wednesday,5,POINT (-2236.8263209885145 5274.27538066303),17
838,Friday,5,POINT (-1403.8103454524935 4457.26433207949),422
838,Monday,3,POINT (-1403.8103454524935 4457.26433207949),422
838,Saturday,1,POINT (-1403.8103454524935 4457.26433207949),422
838,Thursday,6,POINT (-1403.8103454524935 4457.26433207949),422
838,Tuesday,5,POINT (-1403.8103454524935 4457.26433207949),422
838,Wednesday,5,POINT (-1403.8103454524935 4457.26433207949),422
839,Friday,2,POINT (-1567.7082661009404 4491.2624087298655),162
839,Monday,1,POINT (-1567.7082661009404 4491.2624087298655),162
839,Thursday,3,POINT (-1567.7082661009404 4491.2624087298655),162
839,Tuesday,1,POINT (-1567.7082661009404 4491.2624087298655),162
839,Wednesday,1,POINT (-1567.7082661009404 4491.2624087298655),162
840,Friday,3,POINT (-1771.452216635636 4258.263943913515),917
840,Monday,3,POINT (-1771.452216635636 4258.263943913515),917
840,Thursday,3,POINT (-1771.452216635636 4258.263943913515),917
840,Tuesday,3,POINT (-1771.452216635636 4258.263943913515),917
840,Wednesday,3,POINT (-1771.452216635636 4258.263943913515),917
841,Friday,6,POINT (-1771.452216635636 4386.238292917949),917
841,Monday,5,POINT (-1771.452216635636 4386.238292917949),917
841,Thursday,5,POINT (-1771.452216635636 4386.238292917949),917
841,Tuesday,5,POINT (-1771.452216635636 4386.238292917949),917
841,Wednesday,5,POINT (-1771.452216635636 4386.238292917949),917
842,Friday,3,POINT (-692.7127197082955 5040.3388326223985),773
842,Monday,2,POINT (-692.7127197082955 5040.3388326223985),773
842,Saturday,1,POINT (-692.7127197082955 5040.3388326223985),773
842,Sunday,1,POINT (-692.7127197082955 5040.3388326223985),773
842,Thursday,3,POINT (-692.7127197082955 5040.3388326223985),773
842,Tuesday,3,POINT (-692.7127197082955 5040.3388326223985),773
842,Wednesday,2,POINT (-692.7127197082955 5040.3388326223985),773
843,Friday,4,POINT (-2330.4222998927135 2944.7204566724226),869
843,Monday,4,POINT (-2330.4222998927135 2944.7204566724226),869
843,Thursday,5,POINT (-2330.4222998927135 2944.7204566724226),869
843,Tuesday,5,POINT (-2330.4222998927135 2944.7204566724226),869
843,Wednesday,5,POINT (-2330.4222998927135 2944.7204566724226),869
844,Friday,2,POINT (-836.719215114457 4482.040750623393),86
844,Monday,1,POINT (-836.719215114457 4482.040750623393),86
844,Thursday,2,POINT (-836.719215114457 4482.040750623393),86
844,Tuesday,1,POINT (-836.719215114457 4482.040750623393),86
844,Wednesday,1,POINT (-836.719215114457 4482.040750623393),86
845,Friday,3,POINT (-2363.1419320065197 2673.8808116595965),373
845,Monday,4,POINT (-2363.1419320065197 2673.8808116595965),373
845,Saturday,1,POINT (-2363.1419320065197 2673.8808116595965),373
845,Sunday,1,POINT (-2363.1419320065197 2673.8808116595965),373
845,Thursday,3,POINT (-2363.1419320065197 2673.8808116595965),373
845,Tuesday,5,POINT (-2363.1419320065197 2673.8808116595965),373
845,Wednesday,5,POINT (-2363.1419320065197 2673.8808116595965),373
846,Friday,1,POINT (-996.7808287569317 4750.184044489247),966
846,Monday,1,POINT (-996.7808287569317 4750.184044489247),966
846,Thursday,1,POINT (-996.7808287569317 4750.184044489247),966
846,Tuesday,2,POINT (-996.7808287569317 4750.184044489247),966
846,Wednesday,2,POINT (-996.7808287569317 4750.184044489247),966
847,Friday,5,POINT (-1680.9362530924764 4258.263943913515),917
847,Monday,5,POINT (-1680.9362530924764 4258.263943913515),917
847,Saturday,1,POINT (-1680.9362530924764 4258.263943913515),917
847,Sunday,1,POINT (-1680.9362530924764 4258.263943913515),917
847,Thursday,4,POINT (-1680.9362530924764 4258.263943913515),917
847,Tuesday,5,POINT (-1680.9362530924764 4258.263943913515),917
847,Wednesday,6,POINT (-1680.9362530924764 4258.263943913515),917
848,Friday,2,POINT (-468.02948129574554 4779.921390126033),121
848,Monday,2,POINT (-468.02948129574554 4779.921390126033),121
848,Thursday,2,POINT (-468.02948129574554 4779.921390126033),121
848,Tuesday,2,POINT (-468.02948129574554 4779.921390126033),121
848,Wednesday,2,POINT (-468.02948129574554 4779.921390126033),121
849,Friday,2,POINT (-2231.66793504236 2598.728790351024),426
849,Monday,2,POINT (-2231.66793504236 2598.728790351024),426
849,Thursday,2,POINT (-2231.66793504236 2598.728790351024),426
849,Tuesday,3,POINT (-2231.66793504236 2598.728790351024),426
849,Wednesday,3,POINT (-2231.66793504236 2598.728790351024),426
850,Friday,4,POINT (-2364.178807858101 5198.1957151603365),485
850,Monday,4,POINT (-2364.178807858101 5198.1957151603365),485
850,Thursday,4,POINT (-2364.178807858101 5198.1957151603365),485
850,Tuesday,4,POINT (-2364.178807858101 5198.1957151603365),485
850,Wednesday,4,POINT (-2364.178807858101 5198.1957151603365),485
851,Friday,5,POINT (-1398.3957137180148 4280.0291470642405),544
851,Monday,3,POINT (-1398.3957137180148 4280.0291470642405),544
851,Thursday,6,POINT (-1398.3957137180148 4280.0291470642405),544
851,Tuesday,4,POINT (-1398.3957137180148 4280.0291470642405),544
851,Wednesday,4,POINT (-1398.3957137180148 4280.0291470642405),544
852,Friday,4,POINT (-820.4751468446739 4770.301635511239),474
852,Monday,4,POINT (-820.4751468446739 4770.301635511239),474
852,Sunday,1,POINT (-820.4751468446739 4770.301635511239),474
852,Thursday,4,POINT (-820.4751468446739 4770.301635511239),474
852,Tuesday,4,POINT (-820.4751468446739 4770.301635511239),474
852,Wednesday,3,POINT (-820.4751468446739 4770.301635511239),474
853,Friday,4,POINT (-811.6790007765514 4695.717947460926),549
853,Monday,4,POINT (-811.6790007765514 4695.717947460926),549
853,Saturday,1,POINT (-811.6790007765514 4695.717947460926),549
853,Sunday,1,POINT (-811.6790007765514 4695.717947460926),549
853,Thursday,4,POINT (-811.6790007765514 4695.717947460926),549
853,Tuesday,3,POINT (-811.6790007765514 4695.717947460926),549
853,Wednesday,3,POINT (-811.6790007765514 4695.717947460926),549
854,Friday,3,POINT (-2107.0655661560804 4184.061539506543),446
854,Monday,3,POINT (-2107.0655661560804 4184.061539506543),446
854,Thursday,3,POINT (-2107.0655661560804 4184.061539506543),446
854,Tuesday,3,POINT (-2107.0655661560804 4184.061539506543),446
854,Wednesday,3,POINT (-2107.0655661560804 4184.061539506543),446
855,Friday,4,POINT (-784.6236528229551 4940.6907489765335),375
855,Monday,4,POINT (-784.6236528229551 4940.6907489765335),375
855,Saturday,1,POINT (-784.6236528229551 4940.6907489765335),375
855,Sunday,1,POINT (-784.6236528229551 4940.6907489765335),375
855,Thursday,5,POINT (-784.6236528229551 4940.6907489765335),375
855,Tuesday,5,POINT (-784.6236528229551 4940.6907489765335),375
855,Wednesday,5,POINT (-784.6236528229551 4940.6907489765335),375
856,Friday,2,POINT (-468.02948129574554 4846.264154979615),121
856,Monday,3,POINT (-468.02948129574554 4846.264154979615),121
856,Sunday,1,POINT (-468.02948129574554 4846.264154979615),121
856,Thursday,4,POINT (-468.02948129574554 4846.264154979615),121
856,Tuesday,4,POINT (-468.02948129574554 4846.264154979615),121
856,Wednesday,4,POINT (-468.02948129574554 4846.264154979615),121
857,Friday,5,POINT (-1096.0839701505342 4912.223245927846),190
857,Monday,4,POINT (-1096.0839701505342 4912.223245927846),190
857,Saturday,2,POINT (-1096.0839701505342 4912.223245927846),190
857,Sunday,2,POINT (-1096.0839701505342 4912.223245927846),190
857,Thursday,6,POINT (-1096.0839701505342 4912.223245927846),190
857,Tuesday,4,POINT (-1096.0839701505342 4912.223245927846),190
857,Wednesday,3,POINT (-1096.0839701505342 4912.223245927846),190
859,Friday,5,POINT (-1684.5679842891263 3880.0711276345087),238
859,Monday,5,POINT (-1684.5679842891263 3880.0711276345087),238
859,Saturday,1,POINT (-1684.5679842891263 3880.0711276345087),238
859,Thursday,5,POINT (-1684.5679842891263 3880.0711276345087),238
859,Tuesday,5,POINT (-1684.5679842891263 3880.0711276345087),238
859,Wednesday,4,POINT (-1684.5679842891263 3880.0711276345087),238
860,Friday,1,POINT (-836.8537841209326 4575.535706396641),132
860,Monday,1,POINT (-836.8537841209326 4575.535706396641),132
860,Thursday,1,POINT (-836.8537841209326 4575.535706396641),132
860,Tuesday,2,POINT (-836.8537841209326 4575.535706396641),132
860,Wednesday,2,POINT (-836.8537841209326 4575.535706396641),132
861,Friday,2,POINT (-2235.2922404843403 5106.71812915923),151
861,Monday,2,POINT (-2235.2922404843403 5106.71812915923),151
861,Thursday,3,POINT (-2235.2922404843403 5106.71812915923),151
861,Tuesday,3,POINT (-2235.2922404843403 5106.71812915923),151
861,Wednesday,3,POINT (-2235.2922404843403 5106.71812915923),151
862,Friday,4,POINT (-1475.3580476204697 4473.948598738494),578
862,Monday,3,POINT (-1475.3580476204697 4473.948598738494),578
862,Saturday,1,POINT (-1475.3580476204697 4473.948598738494),578
862,Thursday,2,POINT (-1475.3580476204697 4473.948598738494),578
862,Tuesday,4,POINT (-1475.3580476204697 4473.948598738494),578
862,Wednesday,4,POINT (-1475.3580476204697 4473.948598738494),578
863,Friday,4,POINT (-1967.8258905516104 4254.2510682971215),93
863,Monday,4,POINT (-1967.8258905516104 4254.2510682971215),93
863,Thursday,4,POINT (-1967.8258905516104 4254.2510682971215),93
863,Tuesday,4,POINT (-1967.8258905516104 4254.2510682971215),93
863,Wednesday,4,POINT (-1967.8258905516104 4254.2510682971215),93
864,Friday,3,POINT (-1885.1886006319482 4569.0851981845035),118
864,Monday,3,POINT (-1885.1886006319482 4569.0851981845035),118
864,Thursday,3,POINT (-1885.1886006319482 4569.0851981845035),118
864,Tuesday,3,POINT (-1885.1886006319482 4569.0851981845035),118
864,Wednesday,3,POINT (-1885.1886006319482 4569.0851981845035),118
865,Friday,7,POINT (-1968.219929915483 4032.689324603983),862
865,Monday,4,POINT (-1968.219929915483 4032.689324603983),862
865,Saturday,1,POINT (-1968.219929915483 4032.689324603983),862
865,Sunday,1,POINT (-1968.219929915483 4032.689324603983),862
865,Thursday,7,POINT (-1968.219929915483 4032.689324603983),862
865,Tuesday,6,POINT (-1968.219929915483 4032.689324603983),862
865,Wednesday,7,POINT (-1968.219929915483 4032.689324603983),862
866,Friday,1,POINT (-1496.9713369216481 4493.171613333192),578
866,Monday,2,POINT (-1496.9713369216481 4493.171613333192),578
866,Saturday,1,POINT (-1496.9713369216481 4493.171613333192),578
866,Sunday,1,POINT (-1496.9713369216481 4493.171613333192),578
866,Thursday,2,POINT (-1496.9713369216481 4493.171613333192),578
866,Tuesday,1,POINT (-1496.9713369216481 4493.171613333192),578
866,Wednesday,2,POINT (-1496.9713369216481 4493.171613333192),578
867,Friday,6,POINT (-1903.2691698783528 4549.78019591636),118
867,Monday,5,POINT (-1903.2691698783528 4549.78019591636),118
867,Thursday,7,POINT (-1903.2691698783528 4549.78019591636),118
867,Tuesday,7,POINT (-1903.2691698783528 4549.78019591636),118
867,Wednesday,7,POINT (-1903.2691698783528 4549.78019591636),118
868,Friday,11,POINT (-1982.7850080737494 4381.550830536558),416
868,Monday,5,POINT (-1982.7850080737494 4381.550830536558),416
868,Saturday,2,POINT (-1982.7850080737494 4381.550830536558),416
868,Sunday,2,POINT (-1982.7850080737494 4381.550830536558),416
868,Thursday,10,POINT (-1982.7850080737494 4381.550830536558),416
868,Tuesday,6,POINT (-1982.7850080737494 4381.550830536558),416
868,Wednesday,5,POINT (-1982.7850080737494 4381.550830536558),416
869,Friday,5,POINT (-855.2484275272525 4593.770197855418),132
869,Monday,4,POINT (-855.2484275272525 4593.770197855418),132
869,Thursday,4,POINT (-855.2484275272525 4593.770197855418),132
869,Tuesday,4,POINT (-855.2484275272525 4593.770197855418),132
869,Wednesday,5,POINT (-855.2484275272525 4593.770197855418),132
870,Friday,4,POINT (-1499.9043260061567 4258.263943913515),917
870,Monday,4,POINT (-1499.9043260061567 4258.263943913515),917
870,Thursday,4,POINT (-1499.9043260061567 4258.263943913515),917
870,Tuesday,4,POINT (-1499.9043260061567 4258.263943913515),917
870,Wednesday,4,POINT (-1499.9043260061567 4258.263943913515),917
871,Friday,4,POINT (-2202.659451917056 3456.928318795747),297
871,Monday,4,POINT (-2202.659451917056 3456.928318795747),297
871,Saturday,1,POINT (-2202.659451917056 3456.928318795747),297
871,Sunday,1,POINT (-2202.659451917056 3456.928318795747),297
871,Thursday,6,POINT (-2202.659451917056 3456.928318795747),297
871,Tuesday,5,POINT (-2202.659451917056 3456.928318795747),297
871,Wednesday,5,POINT (-2202.659451917056 3456.928318795747),297
872,Friday,3,POINT (-2202.659451917056 3327.781752937518),297
872,Monday,3,POINT (-2202.659451917056 3327.781752937518),297
872,Thursday,3,POINT (-2202.659451917056 3327.781752937518),297
872,Tuesday,3,POINT (-2202.659451917056 3327.781752937518),297
872,Wednesday,3,POINT (-2202.659451917056 3327.781752937518),297
873,Friday,5,POINT (-2000.3032213302695 4184.061539506543),446
873,Monday,6,POINT (-2000.3032213302695 4184.061539506543),446
873,Saturday,2,POINT (-2000.3032213302695 4184.061539506543),446
873,Sunday,2,POINT (-2000.3032213302695 4184.061539506543),446
873,Thursday,5,POINT (-2000.3032213302695 4184.061539506543),446
873,Tuesday,4,POINT (-2000.3032213302695 4184.061539506543),446
873,Wednesday,6,POINT (-2000.3032213302695 4184.061539506543),446
874,Friday,6,POINT (-1985.985052430187 4683.882031145004),567
874,Monday,6,POINT (-1985.985052430187 4683.882031145004),567
874,Thursday,6,POINT (-1985.985052430187 4683.882031145004),567
874,Tuesday,6,POINT (-1985.985052430187 4683.882031145004),567
874,Wednesday,6,POINT (-1985.985052430187 4683.882031145004),567
875,Friday,1,POINT (-981.7218378806529 4774.377841270679),966
875,Monday,1,POINT (-981.7218378806529 4774.377841270679),966
875,Thursday,1,POINT (-981.7218378806529 4774.377841270679),966
875,Tuesday,1,POINT (-981.7218378806529 4774.377841270679),966
875,Wednesday,1,POINT (-981.7218378806529 4774.377841270679),966
876,Friday,8,POINT (-1670.937273533352 4186.622203455871),411
876,Monday,7,POINT (-1670.937273533352 4186.622203455871),411
876,Saturday,1,POINT (-1670.937273533352 4186.622203455871),411
876,Sunday,1,POINT (-1670.937273533352 4186.622203455871),411
876,Thursday,8,POINT (-1670.937273533352 4186.622203455871),411
876,Tuesday,9,POINT (-1670.937273533352 4186.622203455871),411
876,Wednesday,7,POINT (-1670.937273533352 4186.622203455871),411
877,Friday,8,POINT (-1784.078473278472 4571.813634096875),670
877,Monday,7,POINT (-1784.078473278472 4571.813634096875),670
877,Saturday,2,POINT (-1784.078473278472 4571.813634096875),670
877,Sunday,2,POINT (-1784.078473278472 4571.813634096875),670
877,Thursday,6,POINT (-1784.078473278472 4571.813634096875),670
877,Tuesday,8,POINT (-1784.078473278472 4571.813634096875),670
877,Wednesday,7,POINT (-1784.078473278472 4571.813634096875),670
878,Friday,6,POINT (-1104.6810874856722 4468.581510395101),205
878,Monday,6,POINT (-1104.6810874856722 4468.581510395101),205
878,Thursday,6,POINT (-1104.6810874856722 4468.581510395101),205
878,Tuesday,7,POINT (-1104.6810874856722 4468.581510395101),205
878,Wednesday,7,POINT (-1104.6810874856722 4468.581510395101),205
879,Friday,2,POINT (-2198.792729602534 4271.178583140792),930
879,Monday,2,POINT (-2198.792729602534 4271.178583140792),930
879,Thursday,2,POINT (-2198.792729602534 4271.178583140792),930
879,Tuesday,2,POINT (-2198.792729602534 4271.178583140792),930
879,Wednesday,2,POINT (-2198.792729602534 4271.178583140792),930
880,Friday,4,POINT (-2330.4222998927135 2982.861013084039),869
880,Monday,3,POINT (-2330.4222998927135 2982.861013084039),869
880,Saturday,1,POINT (-2330.4222998927135 2982.861013084039),869
880,Sunday,1,POINT (-2330.4222998927135 2982.861013084039),869
880,Thursday,4,POINT (-2330.4222998927135 2982.861013084039),869
880,Tuesday,4,POINT (-2330.4222998927135 2982.861013084039),869
880,Wednesday,4,POINT (-2330.4222998927135 2982.861013084039),869
881,Friday,2,POINT (-911.019048928239 4853.786158585597),243
881,Monday,2,POINT (-911.019048928239 4853.786158585597),243
881,Thursday,2,POINT (-911.019048928239 4853.786158585597),243
881,Tuesday,2,POINT (-911.019048928239 4853.786158585597),243
881,Wednesday,2,POINT (-911.019048928239 4853.786158585597),243
882,Friday,2,POINT (-1241.6483470328672 3722.01804223004),106
882,Monday,2,POINT (-1241.6483470328672 3722.01804223004),106
882,Thursday,3,POINT (-1241.6483470328672 3722.01804223004),106
882,Tuesday,2,POINT (-1241.6483470328672 3722.01804223004),106
882,Wednesday,2,POINT (-1241.6483470328672 3722.01804223004),106
883,Friday,8,POINT (-2148.436841916328 5261.788712538423),17
883,Monday,8,POINT (-2148.436841916328 5261.788712538423),17
883,Saturday,1,POINT (-2148.436841916328 5261.788712538423),17
883,Sunday,1,POINT (-2148.436841916328 5261.788712538423),17
883,Thursday,7,POINT (-2148.436841916328 5261.788712538423),17
883,Tuesday,8,POINT (-2148.436841916328 5261.788712538423),17
883,Wednesday,7,POINT (-2148.436841916328 5261.788712538423),17
884,Friday,1,POINT (-1968.219929915483 3886.9152696618244),862
884,Monday,1,POINT (-1968.219929915483 3886.9152696618244),862
884,Thursday,2,POINT (-1968.219929915483 3886.9152696618244),862
884,Tuesday,1,POINT (-1968.219929915483 3886.9152696618244),862
884,Wednesday,1,POINT (-1968.219929915483 3886.9152696618244),862
885,Friday,5,POINT (-2195.7632940592357 5124.807852313174),151
885,Monday,4,POINT (-2195.7632940592357 5124.807852313174),151
885,Saturday,1,POINT (-2195.7632940592357 5124.807852313174),151
885,Sunday,1,POINT (-2195.7632940592357 5124.807852313174),151
885,Thursday,5,POINT (-2195.7632940592357 5124.807852313174),151
885,Tuesday,5,POINT (-2195.7632940592357 5124.807852313174),151
885,Wednesday,4,POINT (-2195.7632940592357 5124.807852313174),151
886,Friday,3,POINT (-784.6236528229551 4863.66806749154),375
886,Monday,3,POINT (-784.6236528229551 4863.66806749154),375
886,Thursday,3,POINT (-784.6236528229551 4863.66806749154),375
886,Tuesday,3,POINT (-784.6236528229551 4863.66806749154),375
886,Wednesday,3,POINT (-784.6236528229551 4863.66806749154),375
887,Friday,4,POINT (-1590.604526018032 4166.9915883892645),339
887,Monday,4,POINT (-1590.604526018032 4166.9915883892645),339
887,Saturday,1,POINT (-1590.604526018032 4166.9915883892645),339
887,Sunday,1,POINT (-1590.604526018032 4166.9915883892645),339
887,Thursday,5,POINT (-1590.604526018032 4166.9915883892645),339
887,Tuesday,5,POINT (-1590.604526018032 4166.9915883892645),339
887,Wednesday,5,POINT (-1590.604526018032 4166.9915883892645),339
888,Friday,3,POINT (-1034.4629823865148 3711.3026228381386),254
888,Monday,3,POINT (-1034.4629823865148 3711.3026228381386),254
888,Saturday,1,POINT (-1034.4629823865148 3711.3026228381386),254
888,Sunday,1,POINT (-1034.4629823865148 3711.3026228381386),254
888,Thursday,5,POINT (-1034.4629823865148 3711.3026228381386),254
888,Tuesday,3,POINT (-1034.4629823865148 3711.3026228381386),254
888,Wednesday,3,POINT (-1034.4629823865148 3711.3026228381386),254
889,Friday,2,POINT (-1590.4202895493163 4258.263943913515),917
889,Monday,2,POINT (-1590.4202895493163 4258.263943913515),917
889,Thursday,2,POINT (-1590.4202895493163 4258.263943913515),917
889,Tuesday,2,POINT (-1590.4202895493163 4258.263943913515),917
889,Wednesday,2,POINT (-1590.4202895493163 4258.263943913515),917
890,Friday,1,POINT (-2240.4913941583936 5198.567602243795),781
890,Monday,1,POINT (-2240.4913941583936 5198.567602243795),781
890,Thursday,1,POINT (-2240.4913941583936 5198.567602243795),781
890,Tuesday,2,POINT (-2240.4913941583936 5198.567602243795),781
890,Wednesday,2,POINT (-2240.4913941583936 5198.567602243795),781
891,Friday,5,POINT (-1089.9889021305112 4455.822342476473),205
891,Monday,4,POINT (-1089.9889021305112 4455.822342476473),205
891,Saturday,1,POINT (-1089.9889021305112 4455.822342476473),205
891,Sunday,2,POINT (-1089.9889021305112 4455.822342476473),205
891,Thursday,5,POINT (-1089.9889021305112 4455.822342476473),205
891,Tuesday,5,POINT (-1089.9889021305112 4455.822342476473),205
891,Wednesday,3,POINT (-1089.9889021305112 4455.822342476473),205
1279,Friday,4,POINT (-654.0366978538146 3632.0760648960236),923
1279,Monday,3,POINT (-654.0366978538146 3632.0760648960236),923
1279,Thursday,3,POINT (-654.0366978538146 3632.0760648960236),923
1279,Tuesday,4,POINT (-654.0366978538146 3632.0760648960236),923
1279,Wednesday,4,POINT (-654.0366978538146 3632.0760648960236),923
1280,Friday,4,POINT (-501.42676062779447 3608.0722709059037),489
1280,Monday,1,POINT (-501.42676062779447 3608.0722709059037),489
1280,Saturday,1,POINT (-501.42676062779447 3608.0722709059037),489
1280,Thursday,5,POINT (-501.42676062779447 3608.0722709059037),489
1280,Tuesday,5,POINT (-501.42676062779447 3608.0722709059037),489
1280,Wednesday,5,POINT (-501.42676062779447 3608.0722709059037),489
1281,Friday,5,POINT (-250.10250760487784 4857.0064836405545),580
1281,Monday,5,POINT (-250.10250760487784 4857.0064836405545),580
1281,Thursday,5,POINT (-250.10250760487784 4857.0064836405545),580
1281,Tuesday,4,POINT (-250.10250760487784 4857.0064836405545),580
1281,Wednesday,5,POINT (-250.10250760487784 4857.0064836405545),580
1282,Friday,3,POINT (-746.0297799695958 4008.345279959909),765
1282,Monday,3,POINT (-746.0297799695958 4008.345279959909),765
1282,Thursday,3,POINT (-746.0297799695958 4008.345279959909),765
1282,Tuesday,5,POINT (-746.0297799695958 4008.345279959909),765
1282,Wednesday,5,POINT (-746.0297799695958 4008.345279959909),765
1283,Friday,6,POINT (-2909.0282137217323 6510.130398749252),870
1283,Monday,5,POINT (-2909.0282137217323 6510.130398749252),870
1283,Saturday,1,POINT (-2909.0282137217323 6510.130398749252),870
1283,Sunday,1,POINT (-2909.0282137217323 6510.130398749252),870
1283,Thursday,7,POINT (-2909.0282137217323 6510.130398749252),870
1283,Tuesday,5,POINT (-2909.0282137217323 6510.130398749252),870
1283,Wednesday,6,POINT (-2909.0282137217323 6510.130398749252),870
1284,Friday,4,POINT (-746.105838089235 5429.550547514793),260
1284,Monday,4,POINT (-746.105838089235 5429.550547514793),260
1284,Thursday,4,POINT (-746.105838089235 5429.550547514793),260
1284,Tuesday,4,POINT (-746.105838089235 5429.550547514793),260
1284,Wednesday,4,POINT (-746.105838089235 5429.550547514793),260
1285,Friday,8,POINT (170.74694042286592 4771.135720847398),595
1285,Monday,5,POINT (170.74694042286592 4771.135720847398),595
1285,Saturday,1,POINT (170.74694042286592 4771.135720847398),595
1285,Sunday,1,POINT (170.74694042286592 4771.135720847398),595
1285,Thursday,11,POINT (170.74694042286592 4771.135720847398),595
1285,Tuesday,6,POINT (170.74694042286592 4771.135720847398),595
1285,Wednesday,6,POINT (170.74694042286592 4771.135720847398),595
1286,Friday,4,POINT (-2724.188038485895 6717.649856866765),715
1286,Monday,5,POINT (-2724.188038485895 6717.649856866765),715
1286,Saturday,1,POINT (-2724.188038485895 6717.649856866765),715
1286,Thursday,5,POINT (-2724.188038485895 6717.649856866765),715
1286,Tuesday,5,POINT (-2724.188038485895 6717.649856866765),715
1286,Wednesday,5,POINT (-2724.188038485895 6717.649856866765),715
1287,Friday,4,POINT (-5.816781980895537 3582.204933328363),255
1287,Monday,4,POINT (-5.816781980895537 3582.204933328363),255
1287,Saturday,1,POINT (-5.816781980895537 3582.204933328363),255
1287,Sunday,1,POINT (-5.816781980895537 3582.204933328363),255
1287,Thursday,5,POINT (-5.816781980895537 3582.204933328363),255
1287,Tuesday,4,POINT (-5.816781980895537 3582.204933328363),255
1287,Wednesday,5,POINT (-5.816781980895537 3582.204933328363),255
1288,Friday,3,POINT (-657.7838584306992 5932.81369824289),680
1288,Monday,3,POINT (-657.7838584306992 5932.81369824289),680
1288,Thursday,3,POINT (-657.7838584306992 5932.81369824289),680
1288,Tuesday,3,POINT (-657.7838584306992 5932.81369824289),680
1288,Wednesday,3,POINT (-657.7838584306992 5932.81369824289),680
1289,Friday,4,POINT (-3528.306824887696 4886.547525269254),441
1289,Monday,4,POINT (-3528.306824887696 4886.547525269254),441
1289,Saturday,1,POINT (-3528.306824887696 4886.547525269254),441
1289,Sunday,1,POINT (-3528.306824887696 4886.547525269254),441
1289,Thursday,3,POINT (-3528.306824887696 4886.547525269254),441
1289,Tuesday,5,POINT (-3528.306824887696 4886.547525269254),441
1289,Wednesday,4,POINT (-3528.306824887696 4886.547525269254),441
1290,Friday,2,POINT (-625.2259566520925 4283.435087651933),755
1290,Monday,2,POINT (-625.2259566520925 4283.435087651933),755
1290,Thursday,2,POINT (-625.2259566520925 4283.435087651933),755
1290,Tuesday,4,POINT (-625.2259566520925 4283.435087651933),755
1290,Wednesday,4,POINT (-625.2259566520925 4283.435087651933),755
1291,Friday,5,POINT (-2010.8517708960426 5283.76492656323),475
1291,Monday,4,POINT (-2010.8517708960426 5283.76492656323),475
1291,Sunday,1,POINT (-2010.8517708960426 5283.76492656323),475
1291,Thursday,6,POINT (-2010.8517708960426 5283.76492656323),475
1291,Tuesday,6,POINT (-2010.8517708960426 5283.76492656323),475
1291,Wednesday,6,POINT (-2010.8517708960426 5283.76492656323),475
1292,Friday,1,POINT (-170.84228756724124 3790.7387811979065),664
1292,Monday,2,POINT (-170.84228756724124 3790.7387811979065),664
1292,Saturday,1,POINT (-170.84228756724124 3790.7387811979065),664
1292,Sunday,1,POINT (-170.84228756724124 3790.7387811979065),664
1292,Thursday,3,POINT (-170.84228756724124 3790.7387811979065),664
1292,Tuesday,4,POINT (-170.84228756724124 3790.7387811979065),664
1292,Wednesday,3,POINT (-170.84228756724124 3790.7387811979065),664
1293,Friday,1,POINT (-1912.6667454275262 5288.50006673243),333
1293,Monday,1,POINT (-1912.6667454275262 5288.50006673243),333
1293,Thursday,1,POINT (-1912.6667454275262 5288.50006673243),333
1293,Tuesday,2,POINT (-1912.6667454275262 5288.50006673243),333
1293,Wednesday,2,POINT (-1912.6667454275262 5288.50006673243),333
1294,Friday,1,POINT (-580.0171765817988 5936.726442233701),49
1294,Monday,1,POINT (-580.0171765817988 5936.726442233701),49
1294,Thursday,1,POINT (-580.0171765817988 5936.726442233701),49
1294,Tuesday,1,POINT (-580.0171765817988 5936.726442233701),49
1294,Wednesday,1,POINT (-580.0171765817988 5936.726442233701),49
1295,Friday,4,POINT (-831.1509970580761 4313.035927387888),981
1295,Monday,4,POINT (-831.1509970580761 4313.035927387888),981
1295,Saturday,1,POINT (-831.1509970580761 4313.035927387888),981
1295,Sunday,2,POINT (-831.1509970580761 4313.035927387888),981
1295,Thursday,4,POINT (-831.1509970580761 4313.035927387888),981
1295,Tuesday,5,POINT (-831.1509970580761 4313.035927387888),981
1295,Wednesday,5,POINT (-831.1509970580761 4313.035927387888),981
1296,Friday,3,POINT (-826.2456539995576 5240.884421871655),1016
1296,Monday,3,POINT (-826.2456539995576 5240.884421871655),1016
1296,Saturday,1,POINT (-826.2456539995576 5240.884421871655),1016
1296,Sunday,2,POINT (-826.2456539995576 5240.884421871655),1016
1296,Thursday,3,POINT (-826.2456539995576 5240.884421871655),1016
1296,Tuesday,2,POINT (-826.2456539995576 5240.884421871655),1016
1296,Wednesday,1,POINT (-826.2456539995576 5240.884421871655),1016
1297,Friday,5,POINT (-3255.070596103328 5479.41178070503),775
1297,Monday,5,POINT (-3255.070596103328 5479.41178070503),775
1297,Thursday,6,POINT (-3255.070596103328 5479.41178070503),775
1297,Tuesday,6,POINT (-3255.070596103328 5479.41178070503),775
1297,Wednesday,6,POINT (-3255.070596103328 5479.41178070503),775
1298,Friday,6,POINT (-3569.215604711074 4903.19250465635),441
1298,Monday,5,POINT (-3569.215604711074 4903.19250465635),441
1298,Sunday,1,POINT (-3569.215604711074 4903.19250465635),441
1298,Thursday,6,POINT (-3569.215604711074 4903.19250465635),441
1298,Tuesday,6,POINT (-3569.215604711074 4903.19250465635),441
1298,Wednesday,6,POINT (-3569.215604711074 4903.19250465635),441
1299,Friday,5,POINT (-769.6207629156387 3991.9429115396124),765
1299,Monday,6,POINT (-769.6207629156387 3991.9429115396124),765
1299,Sunday,1,POINT (-769.6207629156387 3991.9429115396124),765
1299,Thursday,6,POINT (-769.6207629156387 3991.9429115396124),765
1299,Tuesday,6,POINT (-769.6207629156387 3991.9429115396124),765
1299,Wednesday,6,POINT (-769.6207629156387 3991.9429115396124),765
1300,Friday,6,POINT (-251.55200766343 4701.616285011303),561
1300,Monday,4,POINT (-251.55200766343 4701.616285011303),561
1300,Thursday,5,POINT (-251.55200766343 4701.616285011303),561
1300,Tuesday,5,POINT (-251.55200766343 4701.616285011303),561
1300,Wednesday,5,POINT (-251.55200766343 4701.616285011303),561
1301,Friday,1,POINT (-2847.855610673995 6663.900855198909),408
1301,Monday,1,POINT (-2847.855610673995 6663.900855198909),408
1301,Thursday,1,POINT (-2847.855610673995 6663.900855198909),408
1301,Tuesday,2,POINT (-2847.855610673995 6663.900855198909),408
1301,Wednesday,2,POINT (-2847.855610673995 6663.900855198909),408
1302,Friday,4,POINT (-3532.3417312509846 5586.896700834855),76
1302,Monday,3,POINT (-3532.3417312509846 5586.896700834855),76
1302,Saturday,1,POINT (-3532.3417312509846 5586.896700834855),76
1302,Thursday,3,POINT (-3532.3417312509846 5586.896700834855),76
1302,Tuesday,4,POINT (-3532.3417312509846 5586.896700834855),76
1302,Wednesday,4,POINT (-3532.3417312509846 5586.896700834855),76
1303,Friday,3,POINT (-173.36434821207166 3690.962126114104),352
1303,Monday,3,POINT (-173.36434821207166 3690.962126114104),352
1303,Saturday,1,POINT (-173.36434821207166 3690.962126114104),352
1303,Thursday,2,POINT (-173.36434821207166 3690.962126114104),352
1303,Tuesday,3,POINT (-173.36434821207166 3690.962126114104),352
1303,Wednesday,3,POINT (-173.36434821207166 3690.962126114104),352
1304,Friday,5,POINT (-3325.5754177846347 5307.883074335268),410
1304,Monday,4,POINT (-3325.5754177846347 5307.883074335268),410
1304,Thursday,5,POINT (-3325.5754177846347 5307.883074335268),410
1304,Tuesday,5,POINT (-3325.5754177846347 5307.883074335268),410
1304,Wednesday,5,POINT (-3325.5754177846347 5307.883074335268),410
1305,Friday,5,POINT (-416.1482587338951 5854.826833733975),64
1305,Monday,2,POINT (-416.1482587338951 5854.826833733975),64
1305,Thursday,3,POINT (-416.1482587338951 5854.826833733975),64
1305,Tuesday,3,POINT (-416.1482587338951 5854.826833733975),64
1305,Wednesday,3,POINT (-416.1482587338951 5854.826833733975),64
1306,Friday,6,POINT (-643.7038073647876 5917.381045442618),680
1306,Monday,6,POINT (-643.7038073647876 5917.381045442618),680
1306,Saturday,1,POINT (-643.7038073647876 5917.381045442618),680
1306,Thursday,6,POINT (-643.7038073647876 5917.381045442618),680
1306,Tuesday,8,POINT (-643.7038073647876 5917.381045442618),680
1306,Wednesday,8,POINT (-643.7038073647876 5917.381045442618),680
1307,Friday,5,POINT (-711.2265332697073 3649.718385741581),923
1307,Monday,5,POINT (-711.2265332697073 3649.718385741581),923
1307,Saturday,1,POINT (-711.2265332697073 3649.718385741581),923
1307,Sunday,1,POINT (-711.2265332697073 3649.718385741581),923
1307,Thursday,5,POINT (-711.2265332697073 3649.718385741581),923
1307,Tuesday,5,POINT (-711.2265332697073 3649.718385741581),923
1307,Wednesday,3,POINT (-711.2265332697073 3649.718385741581),923
1308,Friday,2,POINT (-580.0171765817988 5936.726442233701),49
1308,Monday,1,POINT (-580.0171765817988 5936.726442233701),49
1308,Saturday,1,POINT (-580.0171765817988 5936.726442233701),49
1308,Sunday,1,POINT (-580.0171765817988 5936.726442233701),49
1308,Thursday,1,POINT (-580.0171765817988 5936.726442233701),49
1308,Tuesday,2,POINT (-580.0171765817988 5936.726442233701),49
1308,Wednesday,2,POINT (-580.0171765817988 5936.726442233701),49
1309,Friday,4,POINT (-3048.226902478323 6283.8148275615595),88
1309,Monday,3,POINT (-3048.226902478323 6283.8148275615595),88
1309,Thursday,3,POINT (-3048.226902478323 6283.8148275615595),88
1309,Tuesday,5,POINT (-3048.226902478323 6283.8148275615595),88
1309,Wednesday,5,POINT (-3048.226902478323 6283.8148275615595),88
1310,Friday,2,POINT (-3061.6662672300545 5929.835547456925),434
1310,Monday,2,POINT (-3061.6662672300545 5929.835547456925),434
1310,Thursday,2,POINT (-3061.6662672300545 5929.835547456925),434
1310,Tuesday,3,POINT (-3061.6662672300545 5929.835547456925),434
1310,Wednesday,3,POINT (-3061.6662672300545 5929.835547456925),434
1311,Friday,5,POINT (-1730.46161795225 5925.860203271363),401
1311,Monday,5,POINT (-1730.46161795225 5925.860203271363),401
1311,Saturday,2,POINT (-1730.46161795225 5925.860203271363),401
1311,Sunday,1,POINT (-1730.46161795225 5925.860203271363),401
1311,Thursday,4,POINT (-1730.46161795225 5925.860203271363),401
1311,Tuesday,4,POINT (-1730.46161795225 5925.860203271363),401
1311,Wednesday,4,POINT (-1730.46161795225 5925.860203271363),401
1312,Friday,1,POINT (-271.3160303970743 4985.574640487972),429
1312,Monday,1,POINT (-271.3160303970743 4985.574640487972),429
1312,Thursday,1,POINT (-271.3160303970743 4985.574640487972),429
1312,Tuesday,2,POINT (-271.3160303970743 4985.574640487972),429
1312,Wednesday,2,POINT (-271.3160303970743 4985.574640487972),429
1313,Friday,4,POINT (-276.66830053571516 5125.990451518039),467
1313,Monday,4,POINT (-276.66830053571516 5125.990451518039),467
1313,Thursday,4,POINT (-276.66830053571516 5125.990451518039),467
1313,Tuesday,4,POINT (-276.66830053571516 5125.990451518039),467
1313,Wednesday,4,POINT (-276.66830053571516 5125.990451518039),467
1314,Friday,3,POINT (-3366.855921141151 5265.173730073946),410
1314,Monday,3,POINT (-3366.855921141151 5265.173730073946),410
1314,Thursday,3,POINT (-3366.855921141151 5265.173730073946),410
1314,Tuesday,3,POINT (-3366.855921141151 5265.173730073946),410
1314,Wednesday,3,POINT (-3366.855921141151 5265.173730073946),410
1315,Friday,6,POINT (-1275.0132591831693 5248.064077146062),156
1315,Monday,7,POINT (-1275.0132591831693 5248.064077146062),156
1315,Sunday,1,POINT (-1275.0132591831693 5248.064077146062),156
1315,Thursday,7,POINT (-1275.0132591831693 5248.064077146062),156
1315,Tuesday,8,POINT (-1275.0132591831693 5248.064077146062),156
1315,Wednesday,9,POINT (-1275.0132591831693 5248.064077146062),156
1316,Friday,3,POINT (447.7528813037526 4446.320032225456),1034
1316,Monday,3,POINT (447.7528813037526 4446.320032225456),1034
1316,Sunday,1,POINT (447.7528813037526 4446.320032225456),1034
1316,Thursday,3,POINT (447.7528813037526 4446.320032225456),1034
1316,Tuesday,2,POINT (447.7528813037526 4446.320032225456),1034
1316,Wednesday,3,POINT (447.7528813037526 4446.320032225456),1034
1317,Friday,5,POINT (-2616.4800271638437 6541.191811600034),588
1317,Monday,3,POINT (-2616.4800271638437 6541.191811600034),588
1317,Thursday,4,POINT (-2616.4800271638437 6541.191811600034),588
1317,Tuesday,5,POINT (-2616.4800271638437 6541.191811600034),588
1317,Wednesday,5,POINT (-2616.4800271638437 6541.191811600034),588
1318,Friday,3,POINT (-525.2895730956825 4289.093106712981),343
1318,Monday,3,POINT (-525.2895730956825 4289.093106712981),343
1318,Thursday,3,POINT (-525.2895730956825 4289.093106712981),343
1318,Tuesday,3,POINT (-525.2895730956825 4289.093106712981),343
1318,Wednesday,3,POINT (-525.2895730956825 4289.093106712981),343
1319,Friday,3,POINT (-3366.855921141151 5307.883074335268),410
1319,Monday,3,POINT (-3366.855921141151 5307.883074335268),410
1319,Thursday,3,POINT (-3366.855921141151 5307.883074335268),410
1319,Tuesday,3,POINT (-3366.855921141151 5307.883074335268),410
1319,Wednesday,3,POINT (-3366.855921141151 5307.883074335268),410
1320,Friday,2,POINT (-840.6753278188867 5842.41531956319),284
1320,Monday,2,POINT (-840.6753278188867 5842.41531956319),284
1320,Thursday,3,POINT (-840.6753278188867 5842.41531956319),284
1320,Tuesday,2,POINT (-840.6753278188867 5842.41531956319),284
1320,Wednesday,2,POINT (-840.6753278188867 5842.41531956319),284
1321,Friday,3,POINT (-2616.4800271638437 6497.734086456471),588
1321,Monday,1,POINT (-2616.4800271638437 6497.734086456471),588
1321,Thursday,3,POINT (-2616.4800271638437 6497.734086456471),588
1321,Tuesday,2,POINT (-2616.4800271638437 6497.734086456471),588
1321,Wednesday,3,POINT (-2616.4800271638437 6497.734086456471),588
1322,Friday,2,POINT (-1506.2062401757785 4764.893776885248),240
1322,Monday,2,POINT (-1506.2062401757785 4764.893776885248),240
1322,Thursday,2,POINT (-1506.2062401757785 4764.893776885248),240
1322,Tuesday,2,POINT (-1506.2062401757785 4764.893776885248),240
1322,Wednesday,2,POINT (-1506.2062401757785 4764.893776885248),240
1323,Friday,6,POINT (-3079.473260122901 6283.8148275615595),88
1323,Monday,6,POINT (-3079.473260122901 6283.8148275615595),88
1323,Saturday,3,POINT (-3079.473260122901 6283.8148275615595),88
1323,Thursday,5,POINT (-3079.473260122901 6283.8148275615595),88
1323,Tuesday,4,POINT (-3079.473260122901 6283.8148275615595),88
1323,Wednesday,6,POINT (-3079.473260122901 6283.8148275615595),88
1324,Friday,3,POINT (-525.2260085411027 4093.343371642296),486
1324,Monday,2,POINT (-525.2260085411027 4093.343371642296),486
1324,Saturday,1,POINT (-525.2260085411027 4093.343371642296),486
1324,Thursday,2,POINT (-525.2260085411027 4093.343371642296),486
1324,Tuesday,1,POINT (-525.2260085411027 4093.343371642296),486
1324,Wednesday,2,POINT (-525.2260085411027 4093.343371642296),486
1325,Friday,3,POINT (-3565.1819079696543 6099.396253692319),969
1325,Monday,3,POINT (-3565.1819079696543 6099.396253692319),969
1325,Thursday,3,POINT (-3565.1819079696543 6099.396253692319),969
1325,Tuesday,3,POINT (-3565.1819079696543 6099.396253692319),969
1325,Wednesday,3,POINT (-3565.1819079696543 6099.396253692319),969
1326,Friday,5,POINT (-3385.9171428962177 6106.353933788713),47
1326,Monday,5,POINT (-3385.9171428962177 6106.353933788713),47
1326,Saturday,2,POINT (-3385.9171428962177 6106.353933788713),47
1326,Sunday,1,POINT (-3385.9171428962177 6106.353933788713),47
1326,Thursday,5,POINT (-3385.9171428962177 6106.353933788713),47
1326,Tuesday,4,POINT (-3385.9171428962177 6106.353933788713),47
1326,Wednesday,4,POINT (-3385.9171428962177 6106.353933788713),47
1327,Friday,2,POINT (-671.8639094966109 5917.381045442618),680
1327,Monday,1,POINT (-671.8639094966109 5917.381045442618),680
1327,Thursday,2,POINT (-671.8639094966109 5917.381045442618),680
1327,Tuesday,2,POINT (-671.8639094966109 5917.381045442618),680
1327,Wednesday,3,POINT (-671.8639094966109 5917.381045442618),680
1328,Friday,2,POINT (-3044.6480084760724 5950.665941497604),434
1328,Monday,2,POINT (-3044.6480084760724 5950.665941497604),434
1328,Thursday,2,POINT (-3044.6480084760724 5950.665941497604),434
1328,Tuesday,2,POINT (-3044.6480084760724 5950.665941497604),434
1328,Wednesday,2,POINT (-3044.6480084760724 5950.665941497604),434
1329,Friday,2,POINT (-3149.9034099651917 5907.34610112186),413
1329,Monday,2,POINT (-3149.9034099651917 5907.34610112186),413
1329,Sunday,1,POINT (-3149.9034099651917 5907.34610112186),413
1329,Thursday,2,POINT (-3149.9034099651917 5907.34610112186),413
1329,Tuesday,3,POINT (-3149.9034099651917 5907.34610112186),413
1329,Wednesday,2,POINT (-3149.9034099651917 5907.34610112186),413
1330,Friday,5,POINT (-344.87724461848586 3683.020262283885),409
1330,Monday,6,POINT (-344.87724461848586 3683.020262283885),409
1330,Saturday,1,POINT (-344.87724461848586 3683.020262283885),409
1330,Sunday,1,POINT (-344.87724461848586 3683.020262283885),409
1330,Thursday,6,POINT (-344.87724461848586 3683.020262283885),409
1330,Tuesday,6,POINT (-344.87724461848586 3683.020262283885),409
1330,Wednesday,7,POINT (-344.87724461848586 3683.020262283885),409
1331,Friday,2,POINT (-129.40600692752216 3983.3015893368247),585
1331,Monday,2,POINT (-129.40600692752216 3983.3015893368247),585
1331,Thursday,2,POINT (-129.40600692752216 3983.3015893368247),585
1331,Tuesday,2,POINT (-129.40600692752216 3983.3015893368247),585
1331,Wednesday,2,POINT (-129.40600692752216 3983.3015893368247),585
1332,Friday,15,POINT (-749.8180735661666 5847.491401868583),584
1332,Monday,1,POINT (-749.8180735661666 5847.491401868583),584
1332,Thursday,1,POINT (-749.8180735661666 5847.491401868583),584
1332,Tuesday,2,POINT (-749.8180735661666 5847.491401868583),584
1332,Wednesday,2,POINT (-749.8180735661666 5847.491401868583),584
1333,Friday,1,POINT (-1936.1772434479183 5280.458797272058),333
1333,Monday,1,POINT (-1936.1772434479183 5280.458797272058),333
1333,Thursday,1,POINT (-1936.1772434479183 5280.458797272058),333
1333,Tuesday,2,POINT (-1936.1772434479183 5280.458797272058),333
1333,Wednesday,2,POINT (-1936.1772434479183 5280.458797272058),333
1334,Friday,3,POINT (-2992.288271256545 6202.617103468241),487
1334,Monday,3,POINT (-2992.288271256545 6202.617103468241),487
1334,Thursday,3,POINT (-2992.288271256545 6202.617103468241),487
1334,Tuesday,3,POINT (-2992.288271256545 6202.617103468241),487
1334,Wednesday,3,POINT (-2992.288271256545 6202.617103468241),487
1335,Friday,1,POINT (-459.47416762396665 3608.0722709059037),489
1335,Monday,1,POINT (-459.47416762396665 3608.0722709059037),489
1335,Thursday,1,POINT (-459.47416762396665 3608.0722709059037),489
1335,Tuesday,1,POINT (-459.47416762396665 3608.0722709059037),489
1335,Wednesday,1,POINT (-459.47416762396665 3608.0722709059037),489
1336,Friday,2,POINT (-746.105838089235 5478.005756514865),260
1336,Monday,1,POINT (-746.105838089235 5478.005756514865),260
1336,Saturday,1,POINT (-746.105838089235 5478.005756514865),260
1336,Sunday,1,POINT (-746.105838089235 5478.005756514865),260
1336,Thursday,2,POINT (-746.105838089235 5478.005756514865),260
1336,Tuesday,3,POINT (-746.105838089235 5478.005756514865),260
1336,Wednesday,2,POINT (-746.105838089235 5478.005756514865),260
1337,Friday,4,POINT (-2488.0018597976323 5885.7340875007185),269
1337,Monday,4,POINT (-2488.0018597976323 5885.7340875007185),269
1337,Saturday,1,POINT (-2488.0018597976323 5885.7340875007185),269
1337,Thursday,5,POINT (-2488.0018597976323 5885.7340875007185),269
1337,Tuesday,5,POINT (-2488.0018597976323 5885.7340875007185),269
1337,Wednesday,4,POINT (-2488.0018597976323 5885.7340875007185),269
1338,Friday,2,POINT (-86.78279548948817 4702.886440892045),136
1338,Monday,2,POINT (-86.78279548948817 4702.886440892045),136
1338,Thursday,2,POINT (-86.78279548948817 4702.886440892045),136
1338,Tuesday,2,POINT (-86.78279548948817 4702.886440892045),136
1338,Wednesday,2,POINT (-86.78279548948817 4702.886440892045),136
1339,Friday,3,POINT (-3257.563509525645 5415.033051466755),8
1339,Monday,4,POINT (-3257.563509525645 5415.033051466755),8
1339,Saturday,1,POINT (-3257.563509525645 5415.033051466755),8
1339,Sunday,1,POINT (-3257.563509525645 5415.033051466755),8
1339,Thursday,5,POINT (-3257.563509525645 5415.033051466755),8
1339,Tuesday,3,POINT (-3257.563509525645 5415.033051466755),8
1339,Wednesday,4,POINT (-3257.563509525645 5415.033051466755),8
1340,Friday,3,POINT (-633.2986927355175 5354.847863423291),767
1340,Monday,3,POINT (-633.2986927355175 5354.847863423291),767
1340,Thursday,3,POINT (-633.2986927355175 5354.847863423291),767
1340,Tuesday,4,POINT (-633.2986927355175 5354.847863423291),767
1340,Wednesday,4,POINT (-633.2986927355175 5354.847863423291),767
1341,Friday,5,POINT (-1033.1767361471275 5766.179874318859),454
1341,Monday,4,POINT (-1033.1767361471275 5766.179874318859),454
1341,Sunday,1,POINT (-1033.1767361471275 5766.179874318859),454
1341,Thursday,5,POINT (-1033.1767361471275 5766.179874318859),454
1341,Tuesday,5,POINT (-1033.1767361471275 5766.179874318859),454
1341,Wednesday,5,POINT (-1033.1767361471275 5766.179874318859),454
1734,Friday,3,POINT (-3480.17040400516 6856.274228255146),261
1734,Monday,3,POINT (-3480.17040400516 6856.274228255146),261
1734,Thursday,3,POINT (-3480.17040400516 6856.274228255146),261
1734,Tuesday,3,POINT (-3480.17040400516 6856.274228255146),261
1734,Wednesday,3,POINT (-3480.17040400516 6856.274228255146),261
1735,Friday,6,POINT (-3837.636675203619 5492.86911075103),749
1735,Monday,4,POINT (-3837.636675203619 5492.86911075103),749
1735,Sunday,1,POINT (-3837.636675203619 5492.86911075103),749
1735,Thursday,6,POINT (-3837.636675203619 5492.86911075103),749
1735,Tuesday,6,POINT (-3837.636675203619 5492.86911075103),749
1735,Wednesday,7,POINT (-3837.636675203619 5492.86911075103),749
1736,Friday,4,POINT (-3588.8792873039974 6178.752204471673),521
1736,Monday,5,POINT (-3588.8792873039974 6178.752204471673),521
1736,Saturday,1,POINT (-3588.8792873039974 6178.752204471673),521
1736,Sunday,1,POINT (-3588.8792873039974 6178.752204471673),521
1736,Thursday,5,POINT (-3588.8792873039974 6178.752204471673),521
1736,Tuesday,5,POINT (-3588.8792873039974 6178.752204471673),521
1736,Wednesday,4,POINT (-3588.8792873039974 6178.752204471673),521
1737,Friday,6,POINT (-4153.336133623585 5376.423146435112),1041
1737,Monday,6,POINT (-4153.336133623585 5376.423146435112),1041
1737,Saturday,1,POINT (-4153.336133623585 5376.423146435112),1041
1737,Sunday,1,POINT (-4153.336133623585 5376.423146435112),1041
1737,Thursday,5,POINT (-4153.336133623585 5376.423146435112),1041
1737,Tuesday,5,POINT (-4153.336133623585 5376.423146435112),1041
1737,Wednesday,6,POINT (-4153.336133623585 5376.423146435112),1041
1738,Friday,2,POINT (-3796.1198513891923 6367.922072582076),627
1738,Monday,1,POINT (-3796.1198513891923 6367.922072582076),627
1738,Saturday,1,POINT (-3796.1198513891923 6367.922072582076),627
1738,Sunday,1,POINT (-3796.1198513891923 6367.922072582076),627
1738,Thursday,1,POINT (-3796.1198513891923 6367.922072582076),627
1738,Tuesday,2,POINT (-3796.1198513891923 6367.922072582076),627
1738,Wednesday,2,POINT (-3796.1198513891923 6367.922072582076),627
1739,Friday,2,POINT (-3873.9638746980395 5651.680013350011),1028
1739,Monday,2,POINT (-3873.9638746980395 5651.680013350011),1028
1739,Thursday,3,POINT (-3873.9638746980395 5651.680013350011),1028
1739,Tuesday,2,POINT (-3873.9638746980395 5651.680013350011),1028
1739,Wednesday,3,POINT (-3873.9638746980395 5651.680013350011),1028
1740,Friday,3,POINT (-3819.3395451914357 5136.905970442903),206
1740,Monday,3,POINT (-3819.3395451914357 5136.905970442903),206
1740,Thursday,3,POINT (-3819.3395451914357 5136.905970442903),206
1740,Tuesday,3,POINT (-3819.3395451914357 5136.905970442903),206
1740,Wednesday,3,POINT (-3819.3395451914357 5136.905970442903),206
1741,Friday,1,POINT (-3707.0822804277777 5086.911895550575),990
1741,Monday,1,POINT (-3707.0822804277777 5086.911895550575),990
1741,Thursday,1,POINT (-3707.0822804277777 5086.911895550575),990
1741,Tuesday,2,POINT (-3707.0822804277777 5086.911895550575),990
1741,Wednesday,2,POINT (-3707.0822804277777 5086.911895550575),990
1742,Friday,7,POINT (-3297.4064056514912 7156.152298524017),331
1742,Monday,4,POINT (-3297.4064056514912 7156.152298524017),331
1742,Saturday,2,POINT (-3297.4064056514912 7156.152298524017),331
1742,Sunday,1,POINT (-3297.4064056514912 7156.152298524017),331
1742,Thursday,7,POINT (-3297.4064056514912 7156.152298524017),331
1742,Tuesday,6,POINT (-3297.4064056514912 7156.152298524017),331
1742,Wednesday,6,POINT (-3297.4064056514912 7156.152298524017),331
1743,Friday,6,POINT (-3748.3766341391333 5264.252683412442),808
1743,Monday,3,POINT (-3748.3766341391333 5264.252683412442),808
1743,Thursday,3,POINT (-3748.3766341391333 5264.252683412442),808
1743,Tuesday,5,POINT (-3748.3766341391333 5264.252683412442),808
1743,Wednesday,5,POINT (-3748.3766341391333 5264.252683412442),808
1744,Friday,4,POINT (-3588.3242190090755 6798.416765323038),187
1744,Monday,3,POINT (-3588.3242190090755 6798.416765323038),187
1744,Saturday,1,POINT (-3588.3242190090755 6798.416765323038),187
1744,Sunday,1,POINT (-3588.3242190090755 6798.416765323038),187
1744,Thursday,3,POINT (-3588.3242190090755 6798.416765323038),187
1744,Tuesday,4,POINT (-3588.3242190090755 6798.416765323038),187
1744,Wednesday,5,POINT (-3588.3242190090755 6798.416765323038),187
1745,Friday,6,POINT (-3209.738139187618 6557.838945386657),953
1745,Monday,6,POINT (-3209.738139187618 6557.838945386657),953
1745,Sunday,1,POINT (-3209.738139187618 6557.838945386657),953
1745,Thursday,7,POINT (-3209.738139187618 6557.838945386657),953
1745,Tuesday,7,POINT (-3209.738139187618 6557.838945386657),953
1745,Wednesday,6,POINT (-3209.738139187618 6557.838945386657),953
1746,Friday,3,POINT (-3973.0979051297536 5154.380353332814),912
1746,Monday,4,POINT (-3973.0979051297536 5154.380353332814),912
1746,Saturday,1,POINT (-3973.0979051297536 5154.380353332814),912
1746,Sunday,2,POINT (-3973.0979051297536 5154.380353332814),912
1746,Thursday,3,POINT (-3973.0979051297536 5154.380353332814),912
1746,Tuesday,4,POINT (-3973.0979051297536 5154.380353332814),912
1746,Wednesday,5,POINT (-3973.0979051297536 5154.380353332814),912
1747,Friday,3,POINT (-3697.997083892924 5406.876829329331),37
1747,Monday,1,POINT (-3697.997083892924 5406.876829329331),37
1747,Thursday,3,POINT (-3697.997083892924 5406.876829329331),37
1747,Tuesday,4,POINT (-3697.997083892924 5406.876829329331),37
1747,Wednesday,4,POINT (-3697.997083892924 5406.876829329331),37
1748,Friday,5,POINT (-3098.599452999811 6628.6729119697975),160
1748,Monday,5,POINT (-3098.599452999811 6628.6729119697975),160
1748,Thursday,6,POINT (-3098.599452999811 6628.6729119697975),160
1748,Tuesday,7,POINT (-3098.599452999811 6628.6729119697975),160
1748,Wednesday,7,POINT (-3098.599452999811 6628.6729119697975),160
1749,Friday,6,POINT (-3221.2402871851464 6153.955275915399),932
1749,Monday,6,POINT (-3221.2402871851464 6153.955275915399),932
1749,Thursday,6,POINT (-3221.2402871851464 6153.955275915399),932
1749,Tuesday,6,POINT (-3221.2402871851464 6153.955275915399),932
1749,Wednesday,6,POINT (-3221.2402871851464 6153.955275915399),932
1750,Friday,2,POINT (-3285.6340071544328 6326.229707307784),686
1750,Monday,2,POINT (-3285.6340071544328 6326.229707307784),686
1750,Thursday,2,POINT (-3285.6340071544328 6326.229707307784),686
1750,Tuesday,2,POINT (-3285.6340071544328 6326.229707307784),686
1750,Wednesday,2,POINT (-3285.6340071544328 6326.229707307784),686
1751,Friday,1,POINT (-4515.907604161345 4631.612406745221),604
1751,Monday,1,POINT (-4515.907604161345 4631.612406745221),604
1751,Thursday,1,POINT (-4515.907604161345 4631.612406745221),604
1751,Tuesday,1,POINT (-4515.907604161345 4631.612406745221),604
1751,Wednesday,1,POINT (-4515.907604161345 4631.612406745221),604
1752,Friday,2,POINT (-3845.045732847575 5576.738358433912),695
1752,Monday,2,POINT (-3845.045732847575 5576.738358433912),695
1752,Thursday,2,POINT (-3845.045732847575 5576.738358433912),695
1752,Tuesday,2,POINT (-3845.045732847575 5576.738358433912),695
1752,Wednesday,2,POINT (-3845.045732847575 5576.738358433912),695
1753,Friday,1,POINT (-3472.3085856843627 6781.220179840805),807
1753,Monday,1,POINT (-3472.3085856843627 6781.220179840805),807
1753,Thursday,1,POINT (-3472.3085856843627 6781.220179840805),807
1753,Tuesday,1,POINT (-3472.3085856843627 6781.220179840805),807
1753,Wednesday,1,POINT (-3472.3085856843627 6781.220179840805),807
1754,Friday,2,POINT (-3455.755866902949 6846.648090702398),261
1754,Monday,1,POINT (-3455.755866902949 6846.648090702398),261
1754,Thursday,2,POINT (-3455.755866902949 6846.648090702398),261
1754,Tuesday,2,POINT (-3455.755866902949 6846.648090702398),261
1754,Wednesday,2,POINT (-3455.755866902949 6846.648090702398),261
1755,Friday,3,POINT (-3433.3865437851464 7828.19605341454),183
1755,Monday,3,POINT (-3433.3865437851464 7828.19605341454),183
1755,Thursday,3,POINT (-3433.3865437851464 7828.19605341454),183
1755,Tuesday,3,POINT (-3433.3865437851464 7828.19605341454),183
1755,Wednesday,3,POINT (-3433.3865437851464 7828.19605341454),183
1756,Friday,2,POINT (-3556.8182888817087 6641.646724169853),277
1756,Monday,2,POINT (-3556.8182888817087 6641.646724169853),277
1756,Thursday,3,POINT (-3556.8182888817087 6641.646724169853),277
1756,Tuesday,3,POINT (-3556.8182888817087 6641.646724169853),277
1756,Wednesday,3,POINT (-3556.8182888817087 6641.646724169853),277
1757,Friday,4,POINT (-3741.432303349839 5162.439641767197),949
1757,Monday,4,POINT (-3741.432303349839 5162.439641767197),949
1757,Saturday,2,POINT (-3741.432303349839 5162.439641767197),949
1757,Sunday,1,POINT (-3741.432303349839 5162.439641767197),949
1757,Thursday,4,POINT (-3741.432303349839 5162.439641767197),949
1757,Tuesday,7,POINT (-3741.432303349839 5162.439641767197),949
1757,Wednesday,6,POINT (-3741.432303349839 5162.439641767197),949
1758,Friday,2,POINT (-3742.540064583217 5916.875246852485),267
1758,Monday,1,POINT (-3742.540064583217 5916.875246852485),267
1758,Thursday,2,POINT (-3742.540064583217 5916.875246852485),267
1758,Tuesday,3,POINT (-3742.540064583217 5916.875246852485),267
1758,Wednesday,3,POINT (-3742.540064583217 5916.875246852485),267
1759,Friday,6,POINT (-3699.8519673978653 6540.218682083818),305
1759,Monday,6,POINT (-3699.8519673978653 6540.218682083818),305
1759,Saturday,1,POINT (-3699.8519673978653 6540.218682083818),305
1759,Sunday,1,POINT (-3699.8519673978653 6540.218682083818),305
1759,Thursday,7,POINT (-3699.8519673978653 6540.218682083818),305
1759,Tuesday,8,POINT (-3699.8519673978653 6540.218682083818),305
1759,Wednesday,8,POINT (-3699.8519673978653 6540.218682083818),305
1760,Friday,3,POINT (-3210.355459657344 6648.152454626876),543
1760,Monday,3,POINT (-3210.355459657344 6648.152454626876),543
1760,Saturday,1,POINT (-3210.355459657344 6648.152454626876),543
1760,Sunday,1,POINT (-3210.355459657344 6648.152454626876),543
1760,Thursday,4,POINT (-3210.355459657344 6648.152454626876),543
1760,Tuesday,6,POINT (-3210.355459657344 6648.152454626876),543
1760,Wednesday,4,POINT (-3210.355459657344 6648.152454626876),543
1761,Friday,3,POINT (-3804.319468397756 5928.891714229324),26
1761,Monday,3,POINT (-3804.319468397756 5928.891714229324),26
1761,Thursday,3,POINT (-3804.319468397756 5928.891714229324),26
1761,Tuesday,3,POINT (-3804.319468397756 5928.891714229324),26
1761,Wednesday,3,POINT (-3804.319468397756 5928.891714229324),26
1762,Friday,1,POINT (-3195.7106978818483 6669.514454239059),543
1762,Monday,1,POINT (-3195.7106978818483 6669.514454239059),543
1762,Thursday,1,POINT (-3195.7106978818483 6669.514454239059),543
1762,Tuesday,1,POINT (-3195.7106978818483 6669.514454239059),543
1762,Wednesday,1,POINT (-3195.7106978818483 6669.514454239059),543
1763,Friday,10,POINT (-3136.1278958093117 6628.6729119697975),160
1763,Monday,5,POINT (-3136.1278958093117 6628.6729119697975),160
1763,Sunday,1,POINT (-3136.1278958093117 6628.6729119697975),160
1763,Thursday,11,POINT (-3136.1278958093117 6628.6729119697975),160
1763,Tuesday,9,POINT (-3136.1278958093117 6628.6729119697975),160
1763,Wednesday,8,POINT (-3136.1278958093117 6628.6729119697975),160
1764,Friday,4,POINT (-3233.0731689874065 6116.185085735686),932
1764,Monday,3,POINT (-3233.0731689874065 6116.185085735686),932
1764,Thursday,4,POINT (-3233.0731689874065 6116.185085735686),932
1764,Tuesday,6,POINT (-3233.0731689874065 6116.185085735686),932
1764,Wednesday,6,POINT (-3233.0731689874065 6116.185085735686),932
1765,Friday,7,POINT (-3556.8182888817087 6705.3104479782905),277
1765,Monday,5,POINT (-3556.8182888817087 6705.3104479782905),277
1765,Thursday,7,POINT (-3556.8182888817087 6705.3104479782905),277
1765,Tuesday,7,POINT (-3556.8182888817087 6705.3104479782905),277
1765,Wednesday,7,POINT (-3556.8182888817087 6705.3104479782905),277
1766,Friday,4,POINT (-3209.738139187618 6522.748316725878),953
1766,Monday,4,POINT (-3209.738139187618 6522.748316725878),953
1766,Saturday,1,POINT (-3209.738139187618 6522.748316725878),953
1766,Sunday,1,POINT (-3209.738139187618 6522.748316725878),953
1766,Thursday,5,POINT (-3209.738139187618 6522.748316725878),953
1766,Tuesday,4,POINT (-3209.738139187618 6522.748316725878),953
1766,Wednesday,4,POINT (-3209.738139187618 6522.748316725878),953
1767,Friday,4,POINT (-3972.0306074440496 5494.63962663673),285
1767,Monday,4,POINT (-3972.0306074440496 5494.63962663673),285
1767,Thursday,4,POINT (-3972.0306074440496 5494.63962663673),285
1767,Tuesday,4,POINT (-3972.0306074440496 5494.63962663673),285
1767,Wednesday,4,POINT (-3972.0306074440496 5494.63962663673),285
1768,Friday,5,POINT (-3837.722151176433 6367.922072582076),627
1768,Monday,5,POINT (-3837.722151176433 6367.922072582076),627
1768,Thursday,5,POINT (-3837.722151176433 6367.922072582076),627
1768,Tuesday,5,POINT (-3837.722151176433 6367.922072582076),627
1768,Wednesday,5,POINT (-3837.722151176433 6367.922072582076),627
1769,Friday,2,POINT (-3864.510743062192 5591.096494771966),695
1769,Monday,1,POINT (-3864.510743062192 5591.096494771966),695
1769,Thursday,2,POINT (-3864.510743062192 5591.096494771966),695
1769,Tuesday,2,POINT (-3864.510743062192 5591.096494771966),695
1769,Wednesday,2,POINT (-3864.510743062192 5591.096494771966),695
1770,Friday,5,POINT (-3796.1198513891923 6330.793189700022),627
1770,Monday,5,POINT (-3796.1198513891923 6330.793189700022),627
1770,Thursday,5,POINT (-3796.1198513891923 6330.793189700022),627
1770,Tuesday,6,POINT (-3796.1198513891923 6330.793189700022),627
1770,Wednesday,6,POINT (-3796.1198513891923 6330.793189700022),627
1771,Friday,9,POINT (-3724.8780422091695 6559.417348100849),305
1771,Monday,7,POINT (-3724.8780422091695 6559.417348100849),305
1771,Saturday,2,POINT (-3724.8780422091695 6559.417348100849),305
1771,Sunday,1,POINT (-3724.8780422091695 6559.417348100849),305
1771,Thursday,7,POINT (-3724.8780422091695 6559.417348100849),305
1771,Tuesday,8,POINT (-3724.8780422091695 6559.417348100849),305
1771,Wednesday,7,POINT (-3724.8780422091695 6559.417348100849),305
1772,Friday,2,POINT (-4067.560404648976 6647.483016330907),928
1772,Monday,1,POINT (-4067.560404648976 6647.483016330907),928
1772,Saturday,1,POINT (-4067.560404648976 6647.483016330907),928
1772,Sunday,1,POINT (-4067.560404648976 6647.483016330907),928
1772,Thursday,2,POINT (-4067.560404648976 6647.483016330907),928
1772,Tuesday,2,POINT (-4067.560404648976 6647.483016330907),928
1772,Wednesday,1,POINT (-4067.560404648976 6647.483016330907),928
1773,Friday,2,POINT (-3823.49246369498 5777.21975219098),877
1773,Monday,2,POINT (-3823.49246369498 5777.21975219098),877
1773,Thursday,2,POINT (-3823.49246369498 5777.21975219098),877
1773,Tuesday,2,POINT (-3823.49246369498 5777.21975219098),877
1773,Wednesday,2,POINT (-3823.49246369498 5777.21975219098),877
1774,Friday,15,POINT (-3448.9410759401935 6764.519625514673),807
1774,Monday,1,POINT (-3448.9410759401935 6764.519625514673),807
1774,Saturday,1,POINT (-3448.9410759401935 6764.519625514673),807
1774,Sunday,1,POINT (-3448.9410759401935 6764.519625514673),807
1774,Thursday,1,POINT (-3448.9410759401935 6764.519625514673),807
1774,Tuesday,4,POINT (-3448.9410759401935 6764.519625514673),807
1774,Wednesday,5,POINT (-3448.9410759401935 6764.519625514673),807
1775,Friday,1,POINT (-4150.694543856866 5079.325752156183),28
1775,Monday,1,POINT (-4150.694543856866 5079.325752156183),28
1775,Thursday,1,POINT (-4150.694543856866 5079.325752156183),28
1775,Tuesday,1,POINT (-4150.694543856866 5079.325752156183),28
1775,Wednesday,1,POINT (-4150.694543856866 5079.325752156183),28
1776,Friday,3,POINT (-3968.209268500128 6628.224805854068),714
1776,Monday,3,POINT (-3968.209268500128 6628.224805854068),714
1776,Thursday,3,POINT (-3968.209268500128 6628.224805854068),714
1776,Tuesday,3,POINT (-3968.209268500128 6628.224805854068),714
1776,Wednesday,3,POINT (-3968.209268500128 6628.224805854068),714
1777,Friday,1,POINT (-3676.9008460947675 6798.416765323038),187
1777,Monday,1,POINT (-3676.9008460947675 6798.416765323038),187
1777,Thursday,1,POINT (-3676.9008460947675 6798.416765323038),187
1777,Tuesday,1,POINT (-3676.9008460947675 6798.416765323038),187
1777,Wednesday,1,POINT (-3676.9008460947675 6798.416765323038),187
1778,Friday,2,POINT (-3973.0979051297536 5074.196536201016),912
1778,Monday,2,POINT (-3973.0979051297536 5074.196536201016),912
1778,Saturday,1,POINT (-3973.0979051297536 5074.196536201016),912
1778,Thursday,1,POINT (-3973.0979051297536 5074.196536201016),912
1778,Tuesday,2,POINT (-3973.0979051297536 5074.196536201016),912
1778,Wednesday,2,POINT (-3973.0979051297536 5074.196536201016),912
1779,Friday,4,POINT (-4024.211498692567 5693.927626980997),175
1779,Monday,3,POINT (-4024.211498692567 5693.927626980997),175
1779,Sunday,1,POINT (-4024.211498692567 5693.927626980997),175
1779,Thursday,4,POINT (-4024.211498692567 5693.927626980997),175
1779,Tuesday,5,POINT (-4024.211498692567 5693.927626980997),175
1779,Wednesday,5,POINT (-4024.211498692567 5693.927626980997),175
1780,Friday,2,POINT (-3626.9857811665415 6864.377979830607),583
1780,Monday,2,POINT (-3626.9857811665415 6864.377979830607),583
1780,Thursday,2,POINT (-3626.9857811665415 6864.377979830607),583
1780,Tuesday,2,POINT (-3626.9857811665415 6864.377979830607),583
1780,Wednesday,2,POINT (-3626.9857811665415 6864.377979830607),583
1781,Friday,3,POINT (-3480.17040400516 6856.274228255146),261
1781,Monday,3,POINT (-3480.17040400516 6856.274228255146),261
1781,Saturday,1,POINT (-3480.17040400516 6856.274228255146),261
1781,Sunday,1,POINT (-3480.17040400516 6856.274228255146),261
1781,Thursday,2,POINT (-3480.17040400516 6856.274228255146),261
1781,Tuesday,3,POINT (-3480.17040400516 6856.274228255146),261
1781,Wednesday,4,POINT (-3480.17040400516 6856.274228255146),261
1782,Friday,5,POINT (-3205.791803054025 7158.9906355191815),213
1782,Monday,5,POINT (-3205.791803054025 7158.9906355191815),213
1782,Saturday,1,POINT (-3205.791803054025 7158.9906355191815),213
1782,Sunday,1,POINT (-3205.791803054025 7158.9906355191815),213
1782,Thursday,5,POINT (-3205.791803054025 7158.9906355191815),213
1782,Tuesday,4,POINT (-3205.791803054025 7158.9906355191815),213
1782,Wednesday,4,POINT (-3205.791803054025 7158.9906355191815),213
1783,Friday,1,POINT (-3717.4879855839513 6703.2047004256),788
1783,Monday,1,POINT (-3717.4879855839513 6703.2047004256),788
1783,Thursday,1,POINT (-3717.4879855839513 6703.2047004256),788
1783,Tuesday,3,POINT (-3717.4879855839513 6703.2047004256),788
1783,Wednesday,3,POINT (-3717.4879855839513 6703.2047004256),788
1784,Friday,3,POINT (-4017.808180711095 6949.612770383012),453
1784,Monday,3,POINT (-4017.808180711095 6949.612770383012),453
1784,Thursday,3,POINT (-4017.808180711095 6949.612770383012),453
1784,Tuesday,4,POINT (-4017.808180711095 6949.612770383012),453
1784,Wednesday,4,POINT (-4017.808180711095 6949.612770383012),453
1785,Friday,3,POINT (-4597.345294446435 4632.743040664964),129
1785,Monday,3,POINT (-4597.345294446435 4632.743040664964),129
1785,Thursday,3,POINT (-4597.345294446435 4632.743040664964),129
1785,Tuesday,3,POINT (-4597.345294446435 4632.743040664964),129
1785,Wednesday,3,POINT (-4597.345294446435 4632.743040664964),129
1786,Friday,7,POINT (-3300.166421375523 6148.413135904235),738
1786,Monday,6,POINT (-3300.166421375523 6148.413135904235),738
1786,Saturday,2,POINT (-3300.166421375523 6148.413135904235),738
1786,Sunday,3,POINT (-3300.166421375523 6148.413135904235),738
1786,Thursday,8,POINT (-3300.166421375523 6148.413135904235),738
1786,Tuesday,8,POINT (-3300.166421375523 6148.413135904235),738
1786,Wednesday,6,POINT (-3300.166421375523 6148.413135904235),738
1787,Friday,2,POINT (-4002.9335312988205 6628.224805854068),714
1787,Monday,1,POINT (-4002.9335312988205 6628.224805854068),714
1787,Sunday,1,POINT (-4002.9335312988205 6628.224805854068),714
1787,Thursday,2,POINT (-4002.9335312988205 6628.224805854068),714
1787,Tuesday,2,POINT (-4002.9335312988205 6628.224805854068),714
1787,Wednesday,2,POINT (-4002.9335312988205 6628.224805854068),714
1788,Friday,3,POINT (-3463.167738075059 7836.545593061912),183
1788,Monday,4,POINT (-3463.167738075059 7836.545593061912),183
1788,Saturday,2,POINT (-3463.167738075059 7836.545593061912),183
1788,Sunday,2,POINT (-3463.167738075059 7836.545593061912),183
1788,Thursday,5,POINT (-3463.167738075059 7836.545593061912),183
1788,Tuesday,5,POINT (-3463.167738075059 7836.545593061912),183
1788,Wednesday,6,POINT (-3463.167738075059 7836.545593061912),183
1789,Friday,6,POINT (-3813.2913987997836 5750.038441232494),877
1789,Monday,5,POINT (-3813.2913987997836 5750.038441232494),877
1789,Saturday,2,POINT (-3813.2913987997836 5750.038441232494),877
1789,Sunday,1,POINT (-3813.2913987997836 5750.038441232494),877
1789,Thursday,5,POINT (-3813.2913987997836 5750.038441232494),877
1789,Tuesday,5,POINT (-3813.2913987997836 5750.038441232494),877
1789,Wednesday,6,POINT (-3813.2913987997836 5750.038441232494),877
1790,Friday,5,POINT (-3927.9102395808727 5570.155155320008),285
1790,Monday,6,POINT (-3927.9102395808727 5570.155155320008),285
1790,Saturday,1,POINT (-3927.9102395808727 5570.155155320008),285
1790,Sunday,1,POINT (-3927.9102395808727 5570.155155320008),285
1790,Thursday,6,POINT (-3927.9102395808727 5570.155155320008),285
1790,Tuesday,7,POINT (-3927.9102395808727 5570.155155320008),285
1790,Wednesday,7,POINT (-3927.9102395808727 5570.155155320008),285
1791,Friday,2,POINT (-3209.407405382886 6191.725466095112),932
1791,Monday,1,POINT (-3209.407405382886 6191.725466095112),932
1791,Sunday,1,POINT (-3209.407405382886 6191.725466095112),932
1791,Thursday,3,POINT (-3209.407405382886 6191.725466095112),932
1791,Tuesday,3,POINT (-3209.407405382886 6191.725466095112),932
1791,Wednesday,3,POINT (-3209.407405382886 6191.725466095112),932
1792,Friday,8,POINT (-3833.6935285901764 5804.401063149466),877
1792,Monday,6,POINT (-3833.6935285901764 5804.401063149466),877
1792,Thursday,7,POINT (-3833.6935285901764 5804.401063149466),877
1792,Tuesday,7,POINT (-3833.6935285901764 5804.401063149466),877
1792,Wednesday,7,POINT (-3833.6935285901764 5804.401063149466),877
1793,Friday,6,POINT (-3313.211912858075 6185.8337275541235),738
1793,Monday,6,POINT (-3313.211912858075 6185.8337275541235),738
1793,Saturday,1,POINT (-3313.211912858075 6185.8337275541235),738
1793,Sunday,1,POINT (-3313.211912858075 6185.8337275541235),738
1793,Thursday,7,POINT (-3313.211912858075 6185.8337275541235),738
1793,Tuesday,6,POINT (-3313.211912858075 6185.8337275541235),738
1793,Wednesday,6,POINT (-3313.211912858075 6185.8337275541235),738
1794,Friday,2,POINT (-3786.373075235378 4999.485452069126),802
1794,Monday,2,POINT (-3786.373075235378 4999.485452069126),802
1794,Thursday,2,POINT (-3786.373075235378 4999.485452069126),802
1794,Tuesday,2,POINT (-3786.373075235378 4999.485452069126),802
1794,Wednesday,2,POINT (-3786.373075235378 4999.485452069126),802
1795,Friday,6,POINT (-3267.606054814424 6452.56705940432),953
1795,Monday,6,POINT (-3267.606054814424 6452.56705940432),953
1795,Thursday,6,POINT (-3267.606054814424 6452.56705940432),953
1795,Tuesday,7,POINT (-3267.606054814424 6452.56705940432),953
1795,Wednesday,7,POINT (-3267.606054814424 6452.56705940432),953
1796,Friday,5,POINT (-3725.261225376805 6345.551342169127),1011
1796,Monday,5,POINT (-3725.261225376805 6345.551342169127),1011
1796,Saturday,1,POINT (-3725.261225376805 6345.551342169127),1011
1796,Thursday,5,POINT (-3725.261225376805 6345.551342169127),1011
1796,Tuesday,4,POINT (-3725.261225376805 6345.551342169127),1011
1796,Wednesday,5,POINT (-3725.261225376805 6345.551342169127),1011
1797,Friday,2,POINT (-3759.480918044369 5179.602735764589),949
1797,Monday,1,POINT (-3759.480918044369 5179.602735764589),949
1797,Thursday,2,POINT (-3759.480918044369 5179.602735764589),949
1797,Tuesday,2,POINT (-3759.480918044369 5179.602735764589),949
1797,Wednesday,2,POINT (-3759.480918044369 5179.602735764589),949
